Address,Host Organization,Notes,Title,Event Type,Event Group,More Info Url,All Dates,Next Date times,Next Date,longitude,latitude,location
1600 32 Avenue NE,City of Calgary,"Spend time with other ladies in a fun, relaxed atmosphere. Play a different course each week. Green fees include: 9 holes, giveaways, taste sampling with Toolshed Brewery and a Golf Pro who will offer free golf tips on selected evenings (only from 5:00pm – 7:00pm). <strong>Ages: 18 Years and up</strong>.  McCall Par 3  <em>Beginner/Intermediate</em> <p>Four day advanced tee times recommended. Visit <a href=""http://www.calgary.ca/CSPS/Recreation/Pages/Golf-courses/Home.aspx"">calgary.ca/golf</a> or call 403-221-3510</p>",Ladies Golf Nights,"Athletic / sport,Informational / educational,Recreation and leisure",Event,http://www.calgary.ca/CSPS/Recreation/Pages/Golf-courses/Home.aspx,Jun 26 2019 5:30 - 7:30 p.m.,June 26 2019 5:30 - 7:30 p.m.,2019/06/26,-114.01504500025,51.0830809998059,"(51.0830809998059, -114.01504500025)"
800 Macleod Trail SE,The City of Calgary - Environment and Safety Mgt,Celebrating its 30th year the MEE is the largest environmental education event for students in Canada. Taking place in downtown Calgary the MEE hosts over 79 workshops and performances by 19 performers and or organizations. The MEE also has over 80 interactive environmentally theme booths from both community organizations and student lead environmental projects. The Expo is held over 3 days Tuesday to Thursday for students from across Calgary and surrounding areas and is open to the public all three days. The Mayor's Environment Expo is the largest environmental education exposition in Canada. The Expo also hosts the annual Jack Leslie Award and the annual youth environmental photo contest. Both of these events take place the Thursday before the annual Mayor's Environment Expo.,The Mayor's Environment Expo,,Event,http://www.calgary.ca/mee,Jun 4 2019 8:30 a.m. - 3 p.m.<br>Jun 5 2019 8:30 a.m. - 3 p.m.<br>Jun 6 2019 8:30 a.m. - 3 p.m.,June 4 2019 8:30 a.m. - 3 p.m.,2019/06/04,-114.056561000432,51.0456359997832,"(51.0456359997832, -114.056561000432)"
5050 Spruce Drive SW,Running Room,5/10 KM Pathway Foot Race.,Run for Women,Athletic / sport,Event,http://www.runforwomen.ca/,Jun 9 2019 9 a.m. - 12 p.m.,June 9 2019 9 a.m. - 12 p.m.,2019/06/09,-114.157704999742,51.0638760000266,"(51.0638760000266, -114.157704999742)"
222 8 Avenue SE,Musesnorth Art  Music Productions,A family friendly music and creative movement event.,Revolution Love Live,,Event,http://www.revolutionlovelive.com,Jun 8 2019 1 - 4:30 p.m.,June 8 2019 1 - 4:30 p.m.,2019/06/08,-114.059478999766,51.0457489997706,"(51.0457489997706, -114.059478999766)"
7305 Crowchild Trail SW,ALS Society of Alberta,An annual event that raises awareness and funds for people living with and affected by ALS. All funds raised go to the ALS Society of Alberta which is dedicated to making each day the best possible day for people living with and affected by this disease,Betty's Run for ALS,Athletic / sport,Event,http://www.alsab.ca,Jun 9 2019 8:30 a.m. - 1 p.m.,June 9 2019 8:30 a.m. - 1 p.m.,2019/06/09,-114.122718999786,50.9885010001202,"(50.9885010001202, -114.122718999786)"
27 Prince's Island Path SW,MS Society,"The MS Walk is a one day fundraising walk for MS Multiple Sclerosis. Our participants walk 2 or 5km along the Bow River Pathways and fund raise for the MS Society, with the goal of curing MS. Participants collect pledges and attend the walk to enjoy a fun filled day of support and entertainment, all to support the MS Society.",Jayman BUILT MS Walk,Athletic / sport,Event,http://www.mswalks.ca,Jun 9 2019 8:30 a.m. - 1:30 p.m.,June 9 2019 8:30 a.m. - 1:30 p.m.,2019/06/09,-114.070248999623,51.0556370002533,"(51.0556370002533, -114.070248999623)"
800 Macleod Trail SE,City of Calgary,"<p>Join us for our 32nd Annual Exhibition of Children’s Art from North Mount Pleasant and Wildflower Arts Centres. Celebrate the sculpture, painting, drawing and mixed media artworks created by young artists, aged 3-17. Everyone welcome! Opening Reception on Thursday May 2nd at 5:30 p.m. with artists in attendance. <strong>All Ages</strong></p>",Children’s Art Exhibition,"Admission specials,Informational / educational,Recreation and leisure",Event,https://www.trumba.com/calendars/map-feeds?eventid=131035918,May 2 2019 6 a.m. - 6 p.m.,May 2 2019 6 a.m. - 6 p.m.,2019/05/02,-114.056561000432,51.0456359997832,"(51.0456359997832, -114.056561000432)"
800 Macleod Trail SE,,,Strategic Council Meeting,City Council,City Business,https://www.trumba.com/calendars/map-feeds?eventid=129964026,Apr 1 2019 9:30 a.m. - 12:30 p.m.<br>May 13 2019 9:30 a.m. - 12:30 p.m.<br>Jun 10 2019 9 a.m. - 12 p.m.<br>Jul 16 2019 9:30 a.m. - 12:30 p.m.,April 1 2019 9:30 a.m. - 12:30 p.m.,2019/04/01,-114.056561000432,51.0456359997832,"(51.0456359997832, -114.056561000432)"
2000 Southland Drive SW,,Happens every Monday and Wednesday from 9 p.m. - 10 p.m. at Southland Leisure Centre.,Last call - $3 admission,Admission specials,Event,https://www.trumba.com/calendars/map-feeds?eventid=127219617,Mar 18 2019 9 - 10 p.m.<br>Mar 20 2019 9 - 10 p.m.<br>Mar 25 2019 9 - 10 p.m.<br>Mar 27 2019 9 - 10 p.m.<br>Apr 1 2019 9 - 10 p.m.<br>Apr 3 2019 9 - 10 p.m.<br>Apr 8 2019 9 - 10 p.m.<br>Apr 10 2019 9 - 10 p.m.<br>Apr 15 2019 9 - 10 p.m.<br>Apr 17 2019 9 - 10 p.m.<br>Apr 22 2019 9 - 10 p.m.<br>Apr 24 2019 9 - 10 p.m.<br>Apr 29 2019 9 - 10 p.m.<br>May 1 2019 9 - 10 p.m.<br>May 6 2019 9 - 10 p.m.<br>May 8 2019 9 - 10 p.m.<br>May 13 2019 9 - 10 p.m.<br>May 15 2019 9 - 10 p.m.<br>May 20 2019 9 - 10 p.m.<br>May 22 2019 9 - 10 p.m.<br>May 27 2019 9 - 10 p.m.<br>May 29 2019 9 - 10 p.m.<br>Jun 3 2019 9 - 10 p.m.<br>Jun 5 2019 9 - 10 p.m.<br>Jun 10 2019 9 - 10 p.m.<br>Jun 12 2019 9 - 10 p.m.<br>Jun 17 2019 9 - 10 p.m.<br>Jun 19 2019 9 - 10 p.m.<br>Jun 24 2019 9 - 10 p.m.<br>Jun 26 2019 9 - 10 p.m.<br>Jul 1 2019 9 - 10 p.m.<br>Jul 3 2019 9 - 10 p.m.<br>Jul 8 2019 9 - 10 p.m.<br>Jul 10 2019 9 - 10 p.m.<br>Jul 15 2019 9 - 10 p.m.<br>Jul 17 2019 9 - 10 p.m.<br>Jul 22 2019 9 - 10 p.m.<br>Jul 24 2019 9 - 10 p.m.<br>Jul 29 2019 9 - 10 p.m.<br>Jul 31 2019 9 - 10 p.m.<br>Aug 5 2019 9 - 10 p.m.<br>Aug 7 2019 9 - 10 p.m.<br>Aug 12 2019 9 - 10 p.m.<br>Aug 14 2019 9 - 10 p.m.<br>Aug 19 2019 9 - 10 p.m.<br>Aug 21 2019 9 - 10 p.m.<br>Aug 26 2019 9 - 10 p.m.<br>Aug 28 2019 9 - 10 p.m.,March 18 2019 9 - 10 p.m.,2019/03/18,-114.108651999579,50.962339999962,"(50.962339999962, -114.108651999579)"
5840 19 Street SW,City of Calgary,"<b>Ages: 6Y and up + adult</b>  Spend time with your family and have fun golfing together.  Free golf for juniors 6Y – 17Y with a paying adult  (one adult per foursome required).  Green fees include: 9 holes, giveaways, game and etiquette tips and golf pro on selected evenings (only from 5:00pm – 7:00pm) with free golf tips.  <strong>Four day advanced tee times recommended </strong>at <a href=""http://www.calgary.ca/CSPS/Recreation/Pages/Golf-courses/Home.aspx"" target=""_blank"">calgary.ca/golf </a>or call 403-221-3510.",Family Golf Nights – Juniors are FREE!,"Admission specials,Athletic / sport,Recreation and leisure",Event,http://www.calgary.ca/CSPS/Recreation/Pages/Golf-courses/Lakeview.aspx,Jul 13 2019 5 - 8:30 p.m.<br>Aug 10 2019 5 - 8:30 p.m.,July 13 2019 5 - 8:30 p.m.,2019/07/13,-114.105669999773,51.0017140000255,"(51.0017140000255, -114.105669999773)"
222 8 Avenue SE,Calgary Multicultural Arts Society,"Fiestaval is a free and family-oriented, multicultural arts and entertainment festival highlighting the Latin American Culture. It will take place in the heart of downtown Calgary at the Calgary Olympic Plaza on July 19,20  21. It is an opportunity to support Calgary's Latin community while encouraging multiculturalism among all Calgarians.",Fiestaval Latin Festival,Festivals / major events,Event,http://WWW.FIESTAVAL.CA,Jul 19 2019 11 a.m. - 8 p.m.<br>Jul 20 2019 11 a.m. - 8 p.m.<br>Jul 21 2019 11 a.m. - 8 p.m.,July 19 2019 11 a.m. - 8 p.m.,2019/07/19,-114.059478999766,51.0457489997706,"(51.0457489997706, -114.059478999766)"
1515 Home Road NW,Barbeque on the Bow Society,,Barbeque on the Bow,Community event,Event,http://www.bbqonthebow.com,Aug 31 2019 8:30 a.m. - 6:30 p.m.,August 31 2019 8:30 a.m. - 6:30 p.m.,2019/08/31,-114.165381100251,51.0710908999498,"(51.0710908999498, -114.165381100251)"
1200 26 Street SW,City of Calgary,"Spend time with other ladies in a fun, relaxed atmosphere. Play a different course each week. Green fees include: 9 holes, giveaways, taste sampling with Toolshed Brewery and a Golf Pro who will offer free golf tips on selected evenings (only from 5:00pm – 7:00pm). <strong>Ages: 18 Years and up</strong>..  Shaganappi  Valley 9  <em>Beginner/Intermediate</em> <p>Four day advanced tee times recommended. Visit <a href=""http://www.calgary.ca/CSPS/Recreation/Pages/Golf-courses/Home.aspx"">calgary.ca/golf</a> or call 403-221-3510</p>",Ladies Golf Nights,"Athletic / sport,Informational / educational,Recreation and leisure",Event,http://www.calgary.ca/CSPS/Recreation/Pages/Golf-courses/Home.aspx,Jul 10 2019 5:30 - 7:30 p.m.,July 10 2019 5:30 - 7:30 p.m.,2019/07/10,-114.123952000395,51.0446350002536,"(51.0446350002536, -114.123952000395)"
222 8 Avenue SE,Honouring Mother Earth/AAWOC Committee,"Opening Ceremonies is an annual event hosted by the City of Calgary and Aboriginal and non-Aboriginal committee members from the community.  The event is the kick-off to Aboriginal Awareness Week in Calgary.  The Mayor officially declares Aboriginal Awareness Week in a noon hour event at Olympic Plaza.  The event includes the official proclamation by the Mayor or representative, presentations, and entertainment.  A video montage is being developed and will be featured at the event with photos from last years, interviews from previous years attendees and interviews on leadership. Lunch will be served to attendees free of charge.",Aboriginal Awareness Week Calgary Opening Ceremonies AAWOC,Community event,Event,http://www.honouringmotherearth.com,Jun 17 2019 10:30 a.m. - 2:30 p.m.,June 17 2019 10:30 a.m. - 2:30 p.m.,2019/06/17,-114.059478999766,51.0457489997706,"(51.0457489997706, -114.059478999766)"
5300 19 Street SW,Stampede Road Race Society,"5km, 10km, Half Marathon and Kids Races. 11 Years now in Calgary's running scene.",Stampede Road Race,Athletic / sport,Event,http://www.stampederoadrace.ca,Jul 7 2019 6:30 - 11 a.m.,July 7 2019 6:30 - 11 a.m.,2019/07/07,-114.10445399978,51.0072079997881,"(51.0072079997881, -114.10445399978)"
222 8 Avenue SE,Portail de l'Immigrant Association,"Franco Festival Calgary FFC, a Francophone Multicultural Event. FFC is a celebration of many diverse Francophone cultures Africa, North- America, South-America, Asia and Europe through dance, music, food, arts  crafts showcasing arts and cultures of the diverse French-speaking communities of Calgary and its surrounding communities. This is a family event with activities for all ages and all nations! Dance to live music and dance performances by local and national artists, as well as this year's event includes a multi-arts pavilion run by local craftsmen and artists, children's area, workshops, a bistro beer garden and food vendors.",Franco Festival Calgary 2019,Festivals / major events,Event,http://www.francofestcalgary.com,Aug 17 2019 11 a.m. - 9 p.m.,August 17 2019 11 a.m. - 9 p.m.,2019/08/17,-114.059478999766,51.0457489997706,"(51.0457489997706, -114.059478999766)"
,Calgary Military Family Resource,"Annual MFRC fundraiser held on the Calgary Peace Bridge. This is a ticketed event and traditionally sees up to 250 guest attend and has approx 75 volunteers.  It includes live entertainment, speeches, and a plated  breakfast served at sunrise.",Breakfast on the Bridge,Community event,Event,https://www.trumba.com/calendars/map-feeds?eventid=131287312,Jun 22 2019 5 - 7:30 a.m.,June 22 2019 5 - 7:30 a.m.,2019/06/22,-114.078917999932,51.0539179999905,"(51.0539179999905, -114.078917999932)"
222 8 Avenue SE,Philippine Festival Council of Alberta,"The Philippine Festival Council of Alberta continues to celebrate the Filipino culture, heritage and tradition by bringing the fifth Annual Fiesta Filipino. Showcasing diverse talents among the Filipino-Canadian community, Fiesta Filipino 2019 promises to deliver a more exciting and entertaining cultural festival representing the Filipino community of Calgary and the entire province of Alberta.",2019 Fiesta Filipino,Festivals / major events,Event,https://www.fiestafilipinoyyc.com/,Aug 30 2019 12 - 5:30 p.m.<br>Aug 31 2019 12 - 5:30 p.m.,August 30 2019 12 - 5:30 p.m.,2019/08/30,-114.059478999766,51.0457489997706,"(51.0457489997706, -114.059478999766)"
1220 9 Avenue SW,Calgary Recreation,"To create a fun, free and safe event for children, youth, adults and families to participate in and to sit and enjoy some amazing skateboarding.  Go Skateboarding Day, an international event which bring communities together to celebrate the sport of skateboarding.",Go Skateboarding Day,Athletic / sport,Event,https://www.trumba.com/calendars/map-feeds?eventid=131286288,Jun 21 2019 3 - 7 p.m.,June 21 2019 3 - 7 p.m.,2019/06/21,-114.090678999651,51.0461490001499,"(51.0461490001499, -114.090678999651)"
1900 Heritage Drive SW,FAB Events Inc.,"1st Annual Father's Day Run  Walk in support of the Calgary Health Trust NICU  Alberta Children's Hospital NICU. This 5k Walk, 5  10k Run  Little Kids Dash will take place at Heritage Park on Sunday, June 16, 2019.",Father's Day Run Walk,Athletic / sport,Event,https://www.trumba.com/calendars/map-feeds?eventid=131265617,Jun 16 2019 8:30 - 11 a.m.,June 16 2019 8:30 - 11 a.m.,2019/06/16,-114.101148999933,50.9824640001733,"(50.9824640001733, -114.101148999933)"
1220 9 Avenue SW,Calgary Blues Music Association,"A week long celebration of the best in Blues culminates in 4 days  nights of non-stop music on mainstage at Shaw Millennium Park.  Family friendly, arts market, beer tent, YYC trucks, festival souvenirs.",Calgary International Blues Festival,Festivals / major events,Event,http://www.calgarybluesfest.com,Aug 1 2019 10 a.m. - 9:30 p.m.<br>Aug 2 2019 10 a.m. - 9:30 p.m.<br>Aug 3 2019 10 a.m. - 9:30 p.m.<br>Aug 4 2019 10 a.m. - 9:30 p.m.,August 1 2019 10 a.m. - 9:30 p.m.,2019/08/01,-114.090678999651,51.0461490001499,"(51.0461490001499, -114.090678999651)"
1220 9 Avenue SW,51 North Productions Ltd.,"A large annual charity fundraiser during Stampede in an outdoor music festival format featuring performances from world renowned artists. This event runs from 3:00 PM to 11:00 PM, is open to the general public, 18 years of age and older, who must purchase tickets in order to attend.  Admission includes entry into the site, performances from 3 internationally acclaimed recording artists, the ability to purchase a variety of food options and entrance into an official off-site after party.  A portion of the proceeds will be donated to the Canadian Armed Forces recognized charity, the Calgary chapter of the Military Family Resource Centre MFRC, who provide programs and services of prevention, support and intervention services with focus on mental health, family separation and reunification support, counselling and crisis intervention.",Oxford Stomp,Festivals / major events,Event,http://www.oxfordstomp.com,Jul 12 2019 3 - 11 p.m.,July 12 2019 3 - 11 p.m.,2019/07/12,-114.090678999651,51.0461490001499,"(51.0461490001499, -114.090678999651)"
1220 9 Avenue SW,51North Productions Ltd.,"A large annual charity fundraiser during Stampede in an outdoor music festival format featuring performances from world renowned artists. This event, which runs from 3:00 PM to 11:00 PM, open to the general public, 18 years of age and older, who must purchase tickets in order to attend.  Admission includes entry into the site, performances from 3 internationally acclaimed recording artists, the ability to purchase a variety of food options and entrance into an official off-site after party.  A portion of the proceeds will be donated to the Canadian Armed Forces recognized charity, the Calgary chapter of the Military Family Resource Centre MFRC, who provide programs and services of prevention, support and intervention services with focus on mental health, family separation and reunification support, counselling and crisis intervention.",The Roundup Musicfest,Festivals / major events,Event,http://www.roundupmusicfest.com,Jul 10 2019 3 - 11 p.m.,July 10 2019 3 - 11 p.m.,2019/07/10,-114.090678999651,51.0461490001499,"(51.0461490001499, -114.090678999651)"
1600 32 Avenue NE,City of Calgary,"Juniors 6-17 yrs golf for <strong>free</strong> at McCall Lake Par 3 and Richmond Green when golfing with one paid golfing adult. Four day advanced tee times recommended at <a href=""http://www.calgary.ca/CSPS/Recreation/Pages/Golf-courses/Home.aspx"" target=""_blank"">calgary.ca/golf</a> or call 403-221-3510.  Regular Course hours. Reservations recommended.",Take a Kid to the Course Week,"Admission specials,Athletic / sport,Recreation and leisure",Event,http://www.calgary.ca/golf,Jul 2 2019<br>Jul 3 2019<br>Jul 4 2019<br>Jul 5 2019<br>Jul 6 2019<br>Jul 7 2019,July 2 2019,2019/07/02,-114.01504500025,51.0830809998059,"(51.0830809998059, -114.01504500025)"
2539 33 Avenue SW,City of Calgary,"Juniors 6-17 yrs golf for <strong>free</strong> at Richmond Green and McCall Lake Par 3 when golfing with one paid golfing adult. Four day advanced tee times recommended at <a href=""http://www.calgary.ca/CSPS/Recreation/Pages/Golf-courses/Home.aspx"" target=""_blank"">calgary.ca/golf</a> or call 403-221-3510.  Regular Course hours. Reservations recommended.",Take a Kid to the Course Week,"Admission specials,Athletic / sport,Recreation and leisure",Event,http://www.calgary.ca/golf,Jul 2 2019<br>Jul 3 2019<br>Jul 4 2019<br>Jul 5 2019<br>Jul 6 2019<br>Jul 7 2019,July 2 2019,2019/07/02,-114.121573999938,51.0230909998152,"(51.0230909998152, -114.121573999938)"
3204 Collingwood Drive NW,City of Calgary,"Spend time with other ladies in a fun, relaxed atmosphere. Play a different course each week. Green fees include: 9 holes, giveaways, taste sampling with Toolshed Brewery and a Golf Pro who will offer free golf tips on selected evenings (only from 5:00pm – 7:00pm). <strong>Ages: 18 Years and up</strong>..  <em>Advanced Level</em><br /><p>Four day advanced tee times recommended. Visit <a href=""http://www.calgary.ca/CSPS/Recreation/Pages/Golf-courses/Home.aspx"">calgary.ca/golf</a> or call 403-221-3510</p>",Ladies Golf Nights,"Athletic / sport,Informational / educational,Recreation and leisure",Event,http://www.calgary.ca/CSPS/Recreation/Pages/Golf-courses/Home.aspx,Jul 25 2019 5:30 - 7:30 p.m.,July 25 2019 5:30 - 7:30 p.m.,2019/07/25,-114.104664999667,51.0800639999825,"(51.0800639999825, -114.104664999667)"
1200 26 Street SW,City of Calgary,"Spend time with other ladies in a fun, relaxed atmosphere. Play a different course each week. Green fees include: 9 holes, giveaways, taste sampling with Toolshed Brewery and a Golf Pro who will offer free golf tips on selected evenings (only from 5:00pm – 7:00pm). <strong>Ages: 18 Years and up</strong>..  Shaganappi 18 (9 holes only)  <em>Beginner/Intermediate</em> <p>Four day advanced tee times recommended. Visit <a href=""http://www.calgary.ca/CSPS/Recreation/Pages/Golf-courses/Home.aspx"">calgary.ca/golf</a> or call 403-221-3510</p>",Ladies Golf Nights,"Athletic / sport,Informational / educational,Recreation and leisure",Event,http://www.calgary.ca/CSPS/Recreation/Pages/Golf-courses/Home.aspx,Jul 17 2019 5:30 - 7:30 p.m.,July 17 2019 5:30 - 7:30 p.m.,2019/07/17,-114.123952000395,51.0446350002536,"(51.0446350002536, -114.123952000395)"
1240 Mapleglade Drive SE,City of Calgary,"Spend time with other ladies in a fun, relaxed atmosphere. Play a different course each week. Green fees include: 9 holes, giveaways, taste sampling with Toolshed Brewery and a Golf Pro who will offer free golf tips on selected evenings (only from 5:00pm – 7:00pm). <strong>Ages: 18 Years and up</strong>..  <em>Advanced Level</em><br /><p>Four day advanced tee times recommended. Visit <a href=""http://www.calgary.ca/CSPS/Recreation/Pages/Golf-courses/Home.aspx"">calgary.ca/golf</a> or call 403-221-3510</p>",Ladies Golf Nights,"Athletic / sport,Informational / educational,Recreation and leisure",Event,http://www.calgary.ca/CSPS/Recreation/Pages/Golf-courses/Home.aspx,Jul 31 2019 5:30 - 7:30 p.m.,July 31 2019 5:30 - 7:30 p.m.,2019/07/31,-114.03301200033,50.950902999919,"(50.950902999919, -114.03301200033)"
5840 19 Street SW,City of Calgary,"Spend time with other ladies in a fun, relaxed atmosphere. Play a different course each week. Green fees include: 9 holes, giveaways, taste sampling with Toolshed Brewery and a Golf Pro who will offer free golf tips on selected evenings (only from 5:00pm – 7:00pm). <strong>Ages: 18 Years and up</strong>..  <em>Beginner/Intermediate</em> <p>Four day advanced tee times recommended. Visit <a href=""http://www.calgary.ca/CSPS/Recreation/Pages/Golf-courses/Home.aspx"">calgary.ca/golf</a> or call 403-221-3510</p>",Ladies Golf Nights,"Athletic / sport,Informational / educational,Recreation and leisure",Event,http://www.calgary.ca/CSPS/Recreation/Pages/Golf-courses/Home.aspx,Jul 4 2019 5:30 - 7:30 p.m.,July 4 2019 5:30 - 7:30 p.m.,2019/07/04,-114.105669999773,51.0017140000255,"(51.0017140000255, -114.105669999773)"
385 Skyview Ranch Way NE,Pakistan Punjabi Culture Council Of North America,"Pakistan Punjabi Culture Council Of North America PPCNA to celebrate and honor all mothers of the world on Mother¿s Day, thanking them for their efforts in giving us life, raising us and being our constant supporter. Today Mother's Day is celebrated in several countries including US, UK, India, Pakistan, Bangladesh, Denmark, Finland, Italy, Turkey, Australia, Mexico, Canada, China, Japan, and Belgium. People take the day as an opportunity to pay tribute to their mothers and thank them for all their love and support. The day has become hugely popular and in several countries, phone lines witness maximum traffic. There is also a tradition of gifting flowers, cards and others gift to mothers on the Mother's Day. Our Event aims at building new bridges among different cultures and communities where all are welcome regardless of race, background gender or religion and honor all women belonging different countries and cultures.",Annual South Asian Mother's Day Celebration,Community event,Event,http://abidalipk2000.wixsite.com/mothersday,May 4 2019 12 - 6 p.m.,May 4 2019 12 - 6 p.m.,2019/05/04,-113.965957999752,51.1597159999598,"(51.1597159999598, -113.965957999752)"
222 8 Avenue SE,Disability Pride Alberta,"Disability Pride will be a celebration of people with disabilities. It will be a day of community and inclusion where the attendees will walk, wheel, and ride down 8th avenue and 7th Street SW  together to Olympic Plaza. At Olympic Plaza there will be food, music and several tents set-up with information on disabilities and programs for disabilities.",Disability Pride 2019,,Event,http://Disabilitypridealberta.com,Jun 9 2019 10 a.m. - 2:30 p.m.,June 9 2019 10 a.m. - 2:30 p.m.,2019/06/09,-114.059478999766,51.0457489997706,"(51.0457489997706, -114.059478999766)"
27 Prince's Island Path SW,Aga Khan Foundation Canada,"For more than 33 years, Aga Khan Foundation Canada AKFC has worked with Canada and Canadians to sustainably improve the quality of life of poor, marginalized communities in Asia and Africa. In addition to the Walk being a fund-raising event, it is also a way to bring Calgarians together to gain an understanding of the Aga Khan Foundation Canada AKFC and their impact in the developing world. The Walk provides a fun and transformative venue for families. They enjoy a day in the park filled with food, entertainment and joy and they are also given an opportunity to learn about Canada's role in alleviating global poverty. The Walk gives Calgarians a chance to be a Global Citizens.",Aga Khan Foundation Canada - World Partnership Walk,Athletic / sport,Event,http://www.worldpartnershipwalk.com,Jun 16 2019 6 a.m. - 2 p.m.,June 16 2019 6 a.m. - 2 p.m.,2019/06/16,-114.070248999623,51.0556370002533,"(51.0556370002533, -114.070248999623)"
1220 9 Avenue SW,VegFest Foundation of Calgary,"Outdoor festival celebration of and education about vegan living in Calgary key components: beer gardens, speakers, music, vendors, family friendly.",VegFest Calgary,Festivals / major events,Event,http://vegfestcalgary.com,Jun 15 2019 12 - 7 p.m.,June 15 2019 12 - 7 p.m.,2019/06/15,-114.090678999651,51.0461490001499,"(51.0461490001499, -114.090678999651)"
222 8 Avenue SE,Run Calgary,Sporting Life 10km is Calgary's Fastest 10km road running race hosted by the Calgary Marathon Society CMS. In its second year the event hosted over 1000 runners on the unique net downhill point to point road race. With this being the City's Fastest race over this distance and the course very attainable in nature. Over it will be accessible to many different types of runners with different goals and objectives. The objective of the event is to encourage runners to be competitive with themselves and improve on their running achievements for all abilities and fitness levels and grow the sport of running in Calgary and make it more accessible through an entry level distance race.,Sporting Life 10km,Athletic / sport,Event,https://www.calgarysfastestroadrace.ca/,Jun 15 2019 7 a.m. - 1 p.m.,June 15 2019 7 a.m. - 1 p.m.,2019/06/15,-114.059478999766,51.0457489997706,"(51.0457489997706, -114.059478999766)"
223 Castleridge Boulevard NE,Country Thunder Music Festivals,"Country Thunder Alberta is a 3-day music festival held at Prairie Winds Park. Going into its 4th year the festival features the biggest names in Country Music. This year's headliner will be Jason Aldean and with more to be announced in the upcoming months.  Previous performers have included Tim McGraw, Luke Bryan and Eric Church. The B-stage will host Alberta's up and coming country music artists. In addition to music there is 20 plus food, retail and sponsor booths on site to keep patron busy onsite. Country Thunder Alberta is the part of the Country Thunder Music Festivals that has festivals in Saskatchewan, Wisconsin, Florida and Arizona.",Country Thunder Alberta,Festivals / major events,Event,http://countrythunder.com,Aug 16 2019 2 - 11 p.m.<br>Aug 17 2019 2 - 11 p.m.<br>Aug 18 2019 2 - 11 p.m.,August 16 2019 2 - 11 p.m.,2019/08/16,-113.97052899982,51.1042638998331,"(51.1042638998331, -113.97052899982)"
222 8 Avenue SE,Street Church,"March for Jesus brings Christians of every tradition, age, and color, into the streets to celebrate what Jesus has done and to ask God's blessing on our cities. It is nothing more and nothing less than a joyous celebration of our Lord Jesus Christ.  Everyone is welcome to attend.  March for Jesus is a heartfelt praise for Jesus and prayer for cities and nations. It is also a way to celebrate our Heavenly Father at Fathers Day! March for Jesus will start at the Millennium Park gathering place at 1 pm, then together at 2 pm we will then march down 8th Avenue SW to Olympic Plaza. The march will finish around 4:30 pm with a celebration, music, dances, preaching, prayers, feeding the poor, singing and drama. The celebration of our Christian faith will end 10 pm.",March for Jesus,Athletic / sport,Event,http://www.marchforjesus.ca,Jun 16 2019 1 - 10 p.m.,June 16 2019 1 - 10 p.m.,2019/06/16,-114.059478999766,51.0457489997706,"(51.0457489997706, -114.059478999766)"
800 Macleod Trail SE,,,Continued Combined Council Meeting,City Council,City Business,https://www.trumba.com/calendars/map-feeds?eventid=129953401,Mar 19 2019 1 - 4 p.m.<br>Apr 9 2019 1 - 4 p.m.<br>Apr 30 2019 1 - 4 p.m.<br>May 28 2019 1 - 4 p.m.<br>Jun 18 2019 1 - 4 p.m.<br>Jul 23 2019 1 - 4 p.m.<br>Jul 30 2019 1 - 4 p.m.,March 19 2019 1 - 4 p.m.,2019/03/19,-114.056561000432,51.0456359997832,"(51.0456359997832, -114.056561000432)"
27 Prince's Island Path SW,Calgary Pro-Life Association,Fundraiser.  Participants hike around Princes Island Park using pathways. Pledge forms completed ahead of time. Registration and Hike begins and ends at the stage area.,Hike For Life,Athletic / sport,Event,https://www.trumba.com/calendars/map-feeds?eventid=130958635,May 11 2019 8:30 a.m. - 12 p.m.,May 11 2019 8:30 a.m. - 12 p.m.,2019/05/11,-114.070248999623,51.0556370002533,"(51.0556370002533, -114.070248999623)"
750 9 Avenue SE,Indigenous Day Live 2019 Inc.,"The Indigenous Day Live concert is Canada¿s biggest celebration of National Indigenous Day June 21 and the vehicle that captures all of this amazingly diverse talent and shares it with all Canadians. This live six-hour concert, along with a 6 x 30 minute best-of series, spotlights all the music, dance, comedy and art of First Nations, Inuit and Metis Peoples.",Indigenous Day Live 2019 Inc.,Festivals / major events,Event,http://www.indigenousdaylive.ca,Jun 22 2019 4 - 11 p.m.,June 22 2019 4 - 11 p.m.,2019/06/22,-114.04392199993,51.044586999793,"(51.044586999793, -114.04392199993)"
222 8 Avenue SE,Arts Commons,"On June 20, 2019 Arts Commons will celebrate the contribution of Canada's Indigenous Peoples with a mini Pow Wow out front of Arts Commons on 8th Ave SE 11:30am to 1:30pm. This event is indigenous led, and supported by the programming, production and front of house teams of Arts Commons, Indigenous programmers and advisers will gather dances from across the Treaty 7 nations to perform various styles of dance. The event will begin with a land acknowledgment and prayer by an elder, and end with an inter-tribal dance where the public can participate. This event is family-friendly, free, and open to all abilities.",Arts Commons Mini Pow Wow,,Event,http://www.artscommons.ca,Jun 20 2019 10 a.m. - 2:30 p.m.,June 20 2019 10 a.m. - 2:30 p.m.,2019/06/20,-114.059478999766,51.0457489997706,"(51.0457489997706, -114.059478999766)"
222 8 Avenue SE,The Alex Community Health Centre,"The People¿s Gathering honours the many diverse Indigenous cultures in Canada, including the Metis, Inuit and First Nations during Aboriginal Awareness Week.  Opening with a traditional Grand Entry, the event offers rich cultural experiences including traditional drumming and dancing.  The event is a celebration of community and neighbourhood spirit.",The People's Gathering,Community event,Event,http://www.thealex.ca,Jun 21 2019 11 a.m. - 1 p.m.,June 21 2019 11 a.m. - 1 p.m.,2019/06/21,-114.059478999766,51.0457489997706,"(51.0457489997706, -114.059478999766)"
2424 University Drive NW,MULTISPORTSCANADA,Annual womens only triathlon benefitting the YWCA,Wild Rose Triathlon,,Event,http://wildrosetriathlon.ca/,Jun 23 2019 1 - 4 p.m.,June 23 2019 1 - 4 p.m.,2019/06/23,-114.124130999597,51.0712089998171,"(51.0712089998171, -114.124130999597)"
1220 9 Avenue SW,AEG Presents Canada Ltd,"A outdoor music festivals for all ages. Will include live performances, food trucks, and alcohol/beverage service.",X92 Radio Fest,Festivals / major events,Event,https://www.trumba.com/calendars/map-feeds?eventid=131287301,Jun 22 2019 1 - 11 p.m.,June 22 2019 1 - 11 p.m.,2019/06/22,-114.090678999651,51.0461490001499,"(51.0461490001499, -114.090678999651)"
330 42 Avenue SW,Ridley Enterprises Inc,"5k Fun run, for the whole family. Participants will enjoy run 5k and playing on 9 inflatable obstacles.",Mega Bounce Run,Athletic / sport,Event,http://www.megabouncerun.ca,Jun 29 2019 10 a.m. - 1 p.m.,June 29 2019 10 a.m. - 1 p.m.,2019/06/29,-114.070022999668,51.015646999899,"(51.015646999899, -114.070022999668)"
27 Prince's Island Path SW,Street Church,"This event is a rallying call for the youth to come out and get excited for Jesus. We believe that this will light a fire and encourage the youth to be even more excited about living out loud for Jesus.  The focus of this event is to pray and worship, and to spend some time together with a Christian family.  Chaperons and those who are young at heart, come and lead the way as an example to the future generation.",Youth Rally,Athletic / sport,Event,http://www.marchforjesus.ca,Jun 23 2019 12 - 9 p.m.,June 23 2019 12 - 9 p.m.,2019/06/23,-114.070248999623,51.0556370002533,"(51.0556370002533, -114.070248999623)"
5050 Spruce Drive SW,Venezuelan Canadian Association of Calgary VCAC,This is an Annual event celebrated in the City of Calgary and organized by the VCAC Venezuelan Canadian Association of Calgary.,2019 Picnic Con los Panas,Community event,Event,https://www.trumba.com/calendars/map-feeds?eventid=131288940,Jun 23 2019 10 a.m. - 6 p.m.,June 23 2019 10 a.m. - 6 p.m.,2019/06/23,-114.157704999742,51.0638760000266,"(51.0638760000266, -114.157704999742)"
222 8 Avenue SE,Creative Arts Society,"The programming and project allows tenured and local talent to collaborate, mentor and build relationships as we move forward in the industry. It would also be a great opportunity to invite everyone in Calgary and surrounding areas to come out at that time and really enjoy, dance and have the best experience they ever had!",Indigenous Sounds Music Festival,Festivals / major events,Event,https://www.trumba.com/calendars/map-feeds?eventid=131288511,Jun 22 2019 10 a.m. - 5 p.m.,June 22 2019 10 a.m. - 5 p.m.,2019/06/22,-114.059478999766,51.0457489997706,"(51.0457489997706, -114.059478999766)"
1001 Barlow Trail SE,Market YYC Association,"MarketSpot holds a massive outdoor party on Canada Day, featuring nearly 100 vendors, 2 live music stages BassBus, food trucks, kids activities and more!",Canada Day Block Party,Festivals / major events,Event,http://www.marketspotyyc.com,Jul 1 2019 12 - 11 p.m.,July 1 2019 12 - 11 p.m.,2019/07/01,-114.004248999555,51.0420740001249,"(51.0420740001249, -114.004248999555)"
750 9 Avenue SE,Fort Calgary National Historic Site,"Family-friendly activities for free on the grounds, including: bubble ball tournament, face painting, RCMP uniform try-on, family-friendly beer garden and BBQ, food trucks, face painting, and more! Free on the grounds, and by admission inside Fort Calgary.",Canada Day at Fort Calgary,Festivals / major events,Event,http://www.fortcalgary.com,Jul 1 2019 12 - 8 p.m.,July 1 2019 12 - 8 p.m.,2019/07/01,-114.04392199993,51.044586999793,"(51.044586999793, -114.04392199993)"
7305 Crowchild Trail SW,Calgary Rowing Club,"The Alberta Open is a rowing regatta hosted on the Glenmore Reservoir. It is attended by Rowing Clubs within the AB province, Manitoba, Sask and BC. It is the largest rowing regatta hosted in Calgary and provides a great opportunity for athletes to compete and for spectators to join and observe what rowing is like.",Alberta Open Regatta,Athletic / sport,Event,http://www.calgaryrowing.com/ABOpen,Jul 6 2019 6:30 a.m. - 6 p.m.<br>Jul 7 2019 6:30 a.m. - 6 p.m.,July 6 2019 6:30 a.m. - 6 p.m.,2019/07/06,-114.122718999786,50.9885010001202,"(50.9885010001202, -114.122718999786)"
222 8 Avenue SE,Calgary Stampede - Downtown Attractions DTA,"Outdoor Festival with on stage entertainment, horses, wagons, First Nation Parade dancing, and pancake breakfasts.",DTA Rope Square 2019,Community event,Event,http://www.stampede-downtownattractions.com,Jul 5 2019 7:30 a.m. - 2 p.m.<br>Jul 6 2019 7:30 a.m. - 2 p.m.<br>Jul 7 2019 7:30 a.m. - 2 p.m.<br>Jul 8 2019 7:30 a.m. - 2 p.m.<br>Jul 9 2019 7:30 a.m. - 2 p.m.<br>Jul 10 2019 7:30 a.m. - 2 p.m.<br>Jul 11 2019 7:30 a.m. - 2 p.m.<br>Jul 12 2019 7:30 a.m. - 2 p.m.<br>Jul 13 2019 7:30 a.m. - 2 p.m.,July 5 2019 7:30 a.m. - 2 p.m.,2019/07/05,-114.059478999766,51.0457489997706,"(51.0457489997706, -114.059478999766)"
2539 33 Avenue SW,City of Calgary,"<b>Ages: 6Y and up + adult</b>  Spend time with your family and have fun golfing together.  Free golf for juniors 6Y – 17Y with a paying adult  (one adult per foursome required).  Green fees include: 9 holes, giveaways, game and etiquette tips and golf pro on selected evenings (only from 5:00pm – 7:00pm) with free golf tips.  <strong>Four day advanced tee times recommended </strong>at <a href=""http://www.calgary.ca/CSPS/Recreation/Pages/Golf-courses/Home.aspx"" target=""_blank"">calgary.ca/golf </a>or call 403-221-3510.",Family Golf Nights – Juniors are FREE!,"Admission specials,Athletic / sport,Recreation and leisure",Event,http://www.calgary.ca/CSPS/Recreation/Pages/Golf-courses/Richmond-Green.aspx,Jul 6 2019 5 - 8:30 p.m.<br>Jul 27 2019 5 - 8:30 p.m.<br>Aug 24 2019 5 - 8:30 p.m.,July 6 2019 5 - 8:30 p.m.,2019/07/06,-114.121573999938,51.0230909998152,"(51.0230909998152, -114.121573999938)"
330 42 Avenue SW,JDRF,"An annual event to raise money for research into a cure for type 1 diabetes.  Over 2,000 participants donate pledged funds and come down for a fun day in the park. Food, music and family activities will be on site.",Sun Life Walk to Cure Diabetes for JDRF,,Event,https://www.trumba.com/calendars/map-feeds?eventid=131127989,Jun 9 2019 6 a.m. - 2 p.m.,June 9 2019 6 a.m. - 2 p.m.,2019/06/09,-114.070022999668,51.015646999899,"(51.015646999899, -114.070022999668)"
2623 56 Street NE,,"Last Call - $3 admissions are repeated every Mondays, Tuesdays, Thursdays and Fridays from 9 p.m. - 10 p.m.",Last call - $3 admission,Admission specials,Event,https://www.trumba.com/calendars/map-feeds?eventid=127219343,Mar 18 2019 9 - 10 p.m.<br>Mar 19 2019 9 - 10 p.m.<br>Mar 21 2019 9 - 10 p.m.<br>Mar 22 2019 9 - 10 p.m.<br>Mar 25 2019 9 - 10 p.m.<br>Mar 26 2019 9 - 10 p.m.<br>Mar 28 2019 9 - 10 p.m.<br>Mar 29 2019 9 - 10 p.m.<br>Apr 1 2019 9 - 10 p.m.<br>Apr 2 2019 9 - 10 p.m.<br>Apr 4 2019 9 - 10 p.m.<br>Apr 5 2019 9 - 10 p.m.<br>Apr 8 2019 9 - 10 p.m.<br>Apr 9 2019 9 - 10 p.m.<br>Apr 11 2019 9 - 10 p.m.<br>Apr 12 2019 9 - 10 p.m.<br>Apr 15 2019 9 - 10 p.m.<br>Apr 16 2019 9 - 10 p.m.<br>Apr 18 2019 9 - 10 p.m.<br>Apr 19 2019 9 - 10 p.m.<br>Apr 22 2019 9 - 10 p.m.<br>Apr 23 2019 9 - 10 p.m.<br>Apr 25 2019 9 - 10 p.m.<br>Apr 26 2019 9 - 10 p.m.<br>Apr 29 2019 9 - 10 p.m.<br>Apr 30 2019 9 - 10 p.m.<br>May 2 2019 9 - 10 p.m.<br>May 3 2019 9 - 10 p.m.<br>May 6 2019 9 - 10 p.m.<br>May 7 2019 9 - 10 p.m.<br>May 9 2019 9 - 10 p.m.<br>May 10 2019 9 - 10 p.m.<br>May 13 2019 9 - 10 p.m.<br>May 14 2019 9 - 10 p.m.<br>May 16 2019 9 - 10 p.m.<br>May 17 2019 9 - 10 p.m.<br>May 20 2019 9 - 10 p.m.<br>May 21 2019 9 - 10 p.m.<br>May 23 2019 9 - 10 p.m.<br>May 24 2019 9 - 10 p.m.<br>May 27 2019 9 - 10 p.m.<br>May 28 2019 9 - 10 p.m.<br>May 30 2019 9 - 10 p.m.<br>May 31 2019 9 - 10 p.m.<br>Jun 3 2019 9 - 10 p.m.<br>Jun 4 2019 9 - 10 p.m.<br>Jun 6 2019 9 - 10 p.m.<br>Jun 7 2019 9 - 10 p.m.<br>Jun 10 2019 9 - 10 p.m.<br>Jun 11 2019 9 - 10 p.m.<br>Jun 13 2019 9 - 10 p.m.<br>Jun 14 2019 9 - 10 p.m.<br>Jun 17 2019 9 - 10 p.m.<br>Jun 18 2019 9 - 10 p.m.<br>Jun 20 2019 9 - 10 p.m.<br>Jun 21 2019 9 - 10 p.m.<br>Jun 24 2019 9 - 10 p.m.<br>Jun 25 2019 9 - 10 p.m.<br>Jun 27 2019 9 - 10 p.m.<br>Jun 28 2019 9 - 10 p.m.<br>Jul 1 2019 9 - 10 p.m.<br>Jul 2 2019 9 - 10 p.m.<br>Jul 4 2019 9 - 10 p.m.<br>Jul 5 2019 9 - 10 p.m.<br>Jul 8 2019 9 - 10 p.m.<br>Jul 9 2019 9 - 10 p.m.<br>Jul 11 2019 9 - 10 p.m.<br>Jul 12 2019 9 - 10 p.m.<br>Jul 15 2019 9 - 10 p.m.<br>Jul 16 2019 9 - 10 p.m.<br>Jul 18 2019 9 - 10 p.m.<br>Jul 19 2019 9 - 10 p.m.<br>Jul 22 2019 9 - 10 p.m.<br>Jul 23 2019 9 - 10 p.m.<br>Jul 25 2019 9 - 10 p.m.,March 18 2019 9 - 10 p.m.,2019/03/18,-113.954561000081,51.0760339999386,"(51.0760339999386, -113.954561000081)"
11024 Braeside Drive SW,Braeside Community Association,"This annual event gets bigger and better each year.  We encourage local businesses, sports teams, youth groups and families to get involved.  The Parade is 1/2 hour long and winds its way throughout Braeside ending at the Community Centre with a hot dog barbeque lunch service to participants.",Braeside Community's Annual Kick Off to Summer Parade,,Event,https://www.trumba.com/calendars/map-feeds?eventid=131123220,Jun 8 2019 12 - 2 p.m.,June 8 2019 12 - 2 p.m.,2019/06/08,-114.102036399788,50.9543461102064,"(50.9543461102064, -114.102036399788)"
1221 2 Street SW,Calgary Public Library,"Come together with some of Calgary's finest musicians, dancers, and music lovers to weave a mixture of styles into a one-of-a kind experience in this special outdoor edition of One Big JAM. Join in with the band or just come for the show. In partnership with One Big JAM, Calgary Public Library, Victoria Park BIA, and the City of Calgary.",One Big JAM  From the Heart of the City,Festivals / major events,Event,http://www.onebigjam.com,Jul 20 2019 1 - 5 p.m.,July 20 2019 1 - 5 p.m.,2019/07/20,-114.070132000346,51.0411760000142,"(51.0411760000142, -114.070132000346)"
1220 9 Avenue SW,Radha Madhav Cultural Association,"The Festival of The Chariots originated thousands of years ago in Jagannatha Puri in Orissa in India and celebrated in major towns across India. The carved and colorfully-painted chariots, liberally bedecked with flowers and garlands, are accompanied by enthusiastic congregational chanting, singing, and dancing by tens of hundreds of devotees. After the procession, there is a large free feast of Krishna vegetarian food for all participants and visitors. The intent is to bring peace and happiness in everyone¿s life. In the Western world, the event took place 50 years ago, in 1967, in San Francisco. Apart from dozens of cities across the United States, it has been held in over 60 countries. In Calgary, we have been organizing this event for the last 14 years and this will be our 15th year of Rath Yatra Festival of Chariots, which will be held on July 20th, 2019",Festival of Chariots,Festivals / major events,Event,http://calgary.iskcon.ca/,Jul 20 2019 6 a.m. - 6 p.m.,July 20 2019 6 a.m. - 6 p.m.,2019/07/20,-114.090678999651,51.0461490001499,"(51.0461490001499, -114.090678999651)"
800 Macleod Trail SE,,,SPC on Community and Protective Services,Board meeting,City Business,https://www.trumba.com/calendars/map-feeds?eventid=129965888,Apr 10 2019 9:30 a.m. - 12:30 p.m.<br>May 8 2019 9:30 a.m. - 12:30 p.m.<br>Jun 12 2019 9:30 - 10:30 p.m.<br>Jul 24 2019 1 - 4 p.m.,April 10 2019 9:30 a.m. - 12:30 p.m.,2019/04/10,-114.056561000432,51.0456359997832,"(51.0456359997832, -114.056561000432)"
523 27 Avenue NW,,"Welcome, spring gardeners, to the North Mount Pleasant Art Centre's Perennial Plant Exchange!  Bring a plant, take a plant... or bring 2 or 3 or 4 and take the same. Please invite others so we can grow spirited conversations!  Note: This event will be held rain or shine.",Perennial Plant Exchange,,Event,https://www.facebook.com/NorthMountPleasantArtsCentre/,May 26 2019 10 a.m. - 12 p.m.,May 26 2019 10 a.m. - 12 p.m.,2019/05/26,-114.072677000309,51.0767850001773,"(51.0767850001773, -114.072677000309)"
223 Castleridge Boulevard NE,Calgary Christian Festival Ministry,"The purpose of the group is to execute an ecumenical Christian art festival Music, poetry, and other forms of art to celebrate Christ. The event is open to anyone and is free to attend. Therefore any surplus revenue generated will be moved forward to the following year as this is a recurring yearly event. This is an outdoor Christian festival using arts to express our faith. Performers will be from different cultural background and ethnicity. The only criteria on performances are the celebration of Christ through whichever form of art chosen. The event is open to anyone, there is no cost to attendees and we showcase a charity to bring awareness for social justice.",Calgary Christian Festival Ministry,Festivals / major events,Event,https://www.trumba.com/calendars/map-feeds?eventid=131334860,Jul 27 2019 3 - 9:30 p.m.,July 27 2019 3 - 9:30 p.m.,2019/07/27,-113.97052899982,51.1042638998331,"(51.1042638998331, -113.97052899982)"
800 Macleod Trail SE,,,Special Council Meeting Wholly Owned Subsidiaries,City Council,City Business,https://www.trumba.com/calendars/map-feeds?eventid=129965901,Apr 15 2019 9:30 a.m. - 12:30 p.m.,April 15 2019 9:30 a.m. - 12:30 p.m.,2019/04/15,-114.056561000432,51.0456359997832,"(51.0456359997832, -114.056561000432)"
27 Prince's Island Path SW,Folk Festival,40th Anniversary of the Calgary Folk Music Festival on Princes Island.,Calgary Folk Music Festival,Festivals / major events,Event,http://www.calgaryfolkfest.com,Jul 25 2019 1 - 11 p.m.<br>Jul 26 2019 1 - 11 p.m.<br>Jul 27 2019 1 - 11 p.m.<br>Jul 28 2019 1 - 11 p.m.,July 25 2019 1 - 11 p.m.,2019/07/25,-114.070248999623,51.0556370002533,"(51.0556370002533, -114.070248999623)"
222 8 Avenue SE,Calgary Arab Festival Committee,"The Calgary Arab festival is a free, family friendly event that will showcase various Arabian traditions such as folk dance, traditional music, Arabic women's customs, Art gallery, and other activities. The Arab festival is presented as a platform to share Arabian history and civilization to the public here in Calgary. The 6th Calgary Arab Festival will be a two day festival that will be held in downtown Calgary, at Olympic Plaza.",6th Calgary Arab Festival,Festivals / major events,Event,http://yycarabfest.com,Jul 27 2019 10 a.m. - 8 p.m.<br>Jul 28 2019 10 a.m. - 8 p.m.,July 27 2019 10 a.m. - 8 p.m.,2019/07/27,-114.059478999766,51.0457489997706,"(51.0457489997706, -114.059478999766)"
5299 Bowness Road NW,Calgary Roadrunners,41st annual 5k and 10k running race charity event. Starts at Shouldice Park and runs mostly along the pathways.,Calgary Women's Run,Athletic / sport,Event,https://www.calgaryroadrunners.com,Aug 25 2019 8:30 - 11 a.m.,August 25 2019 8:30 - 11 a.m.,2019/08/25,-114.17408099991,51.0737960002812,"(51.0737960002812, -114.17408099991)"
3363 Spruce Drive SW,City of Calgary,"<p>Join us and be part of a massive, nation-wide celebration of dance! Learn the 2019 Sharing Dance routine for free with a professional dancer at Wildflower Arts Centre. The National Ballet School of Canada is partnering with artists across the country to engage all Canadians in this shared expression of joy. For more information, visit on <a href=""www.sharingdance.ca"">www.sharingdance.ca</a> or call 403-249-3773.</p> <p>All Ages</p>",Sharing Dance,"Admission specials,Informational / educational,Recreation and leisure",Event,http://www.calgary.ca/CSPS/Recreation/Pages/Arts-centres/Wildflower.aspx,Mar 23 2019 3:30 - 4:30 p.m.<br>Apr 13 2019 3:30 - 4:30 p.m.<br>Apr 27 2019 3:30 - 4:30 p.m.<br>May 4 2019 3:30 - 4:30 p.m.<br>May 11 2019 3:30 - 4:30 p.m.<br>May 25 2019 3:30 - 4:30 p.m.<br>Jun 1 2019 3:30 - 4:30 p.m.<br>Jun 8 2019 3:30 - 4:30 p.m.<br>Jun 15 2019 3:30 - 4:30 p.m.<br>Jun 22 2019 3:30 - 4:30 p.m.<br>Jun 29 2019 3:30 - 4:30 p.m.,March 23 2019 3:30 - 4:30 p.m.,2019/03/23,-114.135551999558,51.0464229999073,"(51.0464229999073, -114.135551999558)"
1221 2 Street SW,Victoria Park BIA,"The Victoria Park BIA will host a free stage in Central Memorial Park, as part of Sled Island Music  Arts Festival. This is a free, all-ages and family-friendly event.",Sled Island in Central Memorial Park,Festivals / major events,Event,https://www.trumba.com/calendars/map-feeds?eventid=131288424,Jun 22 2019 12 - 5 p.m.<br>Jun 23 2019 12 - 5 p.m.,June 22 2019 12 - 5 p.m.,2019/06/22,-114.070132000346,51.0411760000142,"(51.0411760000142, -114.070132000346)"
1600 32 Avenue NE,City of Calgary,"Par 3 Course <b>Ages: 6Y and up + adult</b>  Spend time with your family and have fun golfing together.  Free golf for juniors 6Y – 17Y with a paying adult  (one adult per foursome required).  Green fees include: 9 holes, giveaways, game and etiquette tips and golf pro on selected evenings (only from 5:00pm – 7:00pm) with free golf tips.  <strong>Four day advanced tee times recommended </strong>at <a href=""http://www.calgary.ca/CSPS/Recreation/Pages/Golf-courses/Home.aspx"" target=""_blank"">calgary.ca/golf </a>or call 403-221-3510.",Family Golf Nights – Juniors are FREE!,"Admission specials,Athletic / sport,Recreation and leisure",Event,http://www.calgary.ca/CSPS/Recreation/Pages/Golf-courses/McCall-Lake.aspx,Jun 22 2019 5 - 8:30 p.m.<br>Jul 20 2019 5 - 8:30 p.m.<br>Aug 17 2019 5 - 8:30 p.m.,June 22 2019 5 - 8:30 p.m.,2019/06/22,-114.01504500025,51.0830809998059,"(51.0830809998059, -114.01504500025)"
27 Prince's Island Path SW,Hispanic Arts Society,"Expo Latino is  a 3-day event, it is a celebration of Latin/Hispanic music and dance with presentations on the main stage of professional world class national and international performers as well as the local artists.  The festival includes and arts market as well as food vendors featuring culinary Latin delights.  Business and community booths also participate in the festival market.  The festival also include a large Beer Garden and children area.",Expo Latino Festival,Festivals / major events,Event,http://expolatino.com,Aug 16 2019 2 - 8 p.m.<br>Aug 17 2019 2 - 8 p.m.<br>Aug 18 2019 2 - 8 p.m.,August 16 2019 2 - 8 p.m.,2019/08/16,-114.070248999623,51.0556370002533,"(51.0556370002533, -114.070248999623)"
750 9 Avenue SE,Aboriginal Friendship Centre of Calgary Hu,"Aboriginal Awareness Week Calgary  AAWC plans and facilitated a variety of week long events throughout Calgary and area to celebrate, share their culture, traditions and heritage through song, dance, language, ceremony in community gathering, honoring identity as Indigenous people of Canada.  We invite Calgary to host their own event to celebrate Indigenous, Metis and Inuit Awareness Week and to take pride in being aboriginal Support:  AAWC vision to create new opportunities for people to share openly and learn from one another.  By working together with open hearts and minds we strengthen our community and create new opportunities.",Aboriginal Week CalgaryAAWC Family Day  Pow-wow,Festivals / major events,Event,http://www.aawc.ca,Jun 23 2019 6 a.m. - 9:30 p.m.,June 23 2019 6 a.m. - 9:30 p.m.,2019/06/23,-114.04392199993,51.044586999793,"(51.044586999793, -114.04392199993)"
​1300 Zoo Road NE,Calgary Run for Water,"The Run for Water exists to stage a high-calibre, family-friendly race event to raise awareness and funds for issues aorund access to safe water in the country of Ethiopia. We partner with the Calgarian Ethiopian Community and local businesses to make this happen each year. We host a 5KM, 10KM and new this year- a 61KM event.",Calgary Run For Water- 61KM Ultramarathon,Athletic / sport,Event,https://runforwater.ca/calgary/,Jun 8 2019 5:30 a.m. - 12 p.m.,June 8 2019 5:30 a.m. - 12 p.m.,2019/06/08,-114.029725000027,51.0468579998123,"(51.0468579998123, -114.029725000027)"
1221 2 Street SW,Center Street Church and Gideons International,"To join the city with celebrations of the Calgary Stampede, we'll have a tent with music, food, games and more!",Center Street Church  Gideon's Outreach,Festivals / major events,Event,https://www.trumba.com/calendars/map-feeds?eventid=131355578,Jul 6 2019 8 a.m. - 10 p.m.<br>Jul 7 2019 8 a.m. - 10 p.m.,July 6 2019 8 a.m. - 10 p.m.,2019/07/06,-114.070132000346,51.0411760000142,"(51.0411760000142, -114.070132000346)"
2000 Southland Drive SW,City of Calgary,"Come to Southland Leisure Centre’s annual Stampede Breakfast for food, music, dancing, petting zoo, face painting and much more! All Ages.",Stampede Breakfast,"Admission specials,Community event,Festivals / major events,Recreation and leisure",Event,https://www.trumba.com/calendars/map-feeds?eventid=131038023,Jul 11 2019 9 - 11 a.m.,July 11 2019 9 - 11 a.m.,2019/07/11,-114.108651999579,50.962339999962,"(50.962339999962, -114.108651999579)"
439 8 Avenue SE,YYCFoodTrucks,"Music, Community, Food Trucks,  Fun.",YYCFoodTrucks Spring Frenzy,Community event,Event,http://yycfoodtrucks.com,Apr 27 2019 11 a.m. - 7 p.m.<br>Apr 28 2019 11 a.m. - 7 p.m.,April 27 2019 11 a.m. - 7 p.m.,2019/04/27,-114.053575000427,51.0450880000679,"(51.0450880000679, -114.053575000427)"
4500 14A Street SW,Be There Races,"A 3, 5  8 km trail race with start and finish point in Sandy Beach. Run routes are exclusively on trails around in and around Sandy Beach with a small connector on the bike path.",Spring Trio Trail,"Athletic / sport,Recreation and leisure",Event,http://www.bethereraces.com,May 1 2019 5 - 8:30 p.m.,May 1 2019 5 - 8:30 p.m.,2019/05/01,-114.089994999936,51.0103599998493,"(51.0103599998493, -114.089994999936)"
3375 Spruce Drive SW,Bow Cliff Seniors,"This event is our second annual Spruce Cliff Community picnic.  It is designed to draw our neighbourhood together, get to know one another better, developing and enhancing community spirit by uniting all ages and ethnicities through kid's fun, food and entertainment.",Spruce Cliff Picnic,Community event,Event,http://www.sprucecliff.org,Jun 22 2019 11 a.m. - 8 p.m.,June 22 2019 11 a.m. - 8 p.m.,2019/06/22,-114.135770000016,51.0473199997912,"(51.0473199997912, -114.135770000016)"
9035 24 Street SW,Southern Aalberta Myeloma Patient Society,"Our event is a family fun day of a 5k walk with face painters, music, massage therapy,  special guests all to entertain the family. All ages are welcome and we will have tents and chairs for protection from the elements along with First Aid services should the need arise. We will have local dignitaries, Stampede Queen and princesses past and present and the Team 501Star Wars characters. All of this is in aid of raising monies to support our local charity which supports local research initiatives for the treatment of Multiple Myeloma. The research is done thru the University of Calgary division of Hematology Research and Education Fund.",Multiple Miles for Myeloma,Athletic / sport,Event,http://samps.ca,Jul 27 2019 8:30 a.m. - 1:30 p.m.,July 27 2019 8:30 a.m. - 1:30 p.m.,2019/07/27,-114.122512000097,50.974393000176,"(50.974393000176, -114.122512000097)"
223 Castleridge Boulevard NE,Ahmadiyya Muslim Jama'at Calgary,"It is a multi cultural/ethnic/ program attended by all irrespective of their faith, culture, ethnicity, gender and age The unique thing about this program is that more than 6000 participants are served FREE BBQ about 10,000 burgers/patties are served during the program duration. Though there are no statistics the growing attendance is witness to the success of the program. The program is so popular that there are visitors from outside Calgary who enjoy the festivities. The importance of the program can be measures by the participation of Federal/Provincial ministers,   The Mayor, Counselors, community leaders, Police services, EMS, Calgary Fire Department  who bring Canada Day messages",Ahmadiyya Muslim Jama'at Canada Day 2019,Festivals / major events,Event,http://www.celebratecanada.ca,Jul 1 2019 11 a.m. - 2 p.m.,July 1 2019 11 a.m. - 2 p.m.,2019/07/01,-113.97052899982,51.1042638998331,"(51.1042638998331, -113.97052899982)"
313 7 Avenue SE,,,Intergovernmental Affairs Committee,Board meeting,City Business,https://www.trumba.com/calendars/map-feeds?eventid=129953438,Mar 21 2019 9:30 a.m. - 12:30 p.m.<br>Apr 18 2019 9:30 a.m. - 12:30 p.m.<br>May 16 2019 9:30 a.m. - 12:30 p.m.<br>Jun 20 2019 9:30 a.m. - 12:30 p.m.<br>Jul 25 2019 9:30 a.m. - 12:30 p.m.,March 21 2019 9:30 a.m. - 12:30 p.m.,2019/03/21,-114.056563000082,51.0461290001,"(51.0461290001, -114.056563000082)"
2000 Southland Drive SW,,Toys in the Waterpark from 7:00 - 9:00 p.m. Try out our giant inflatable obstacle course or “walk on water” in one of our WOW balls. Anyone age 7 and up can try them out. General admission applies.,Toys in the Waterpark,Recreation and leisure,Event,http://www.calgary.ca/CSPS/Recreation/Pages/Leisure-centres/Toys-in-the-Waterpark.aspx,Mar 21 2019 7 - 9 p.m.<br>Mar 28 2019 7 - 9 p.m.<br>Apr 4 2019 7 - 9 p.m.<br>Apr 11 2019 7 - 9 p.m.<br>Apr 18 2019 7 - 9 p.m.<br>Apr 25 2019 7 - 9 p.m.<br>May 2 2019 7 - 9 p.m.<br>May 9 2019 7 - 9 p.m.<br>May 16 2019 7 - 9 p.m.<br>May 23 2019 7 - 9 p.m.<br>May 30 2019 7 - 9 p.m.<br>Jun 6 2019 7 - 9 p.m.<br>Jun 13 2019 7 - 9 p.m.<br>Jun 20 2019 7 - 9 p.m.<br>Jun 27 2019 7 - 9 p.m.<br>Jul 4 2019 7 - 9 p.m.<br>Jul 11 2019 7 - 9 p.m.<br>Jul 18 2019 7 - 9 p.m.<br>Jul 25 2019 7 - 9 p.m.<br>Aug 1 2019 7 - 9 p.m.<br>Aug 8 2019 7 - 9 p.m.<br>Aug 15 2019 7 - 9 p.m.<br>Aug 22 2019 7 - 9 p.m.<br>Aug 29 2019 7 - 9 p.m.,March 21 2019 7 - 9 p.m.,2019/03/21,-114.108651999579,50.962339999962,"(50.962339999962, -114.108651999579)"
313 7 Avenue SE,,,"Gas, Power and Telecommunications Committee",Board meeting,City Business,https://www.trumba.com/calendars/map-feeds?eventid=129965891,Apr 11 2019 9:30 - 10:30 a.m.<br>May 9 2019 9:30 a.m. - 12:30 p.m.<br>Jun 13 2019 9:30 a.m. - 12:30 p.m.<br>Jul 25 2019 1 - 4 p.m.,April 11 2019 9:30 - 10:30 a.m.,2019/04/11,-114.056563000082,51.0461290001,"(51.0461290001, -114.056563000082)"
2623 56 Street NE,City of Calgary,"<p>Experience the movies like never before! Come settle in for a night at the movies in the waterpark. Lounge poolside or watch from the water itself. You'll enjoy a great film and an even better time with friends, family and neighbours. Check our <a href=""https://www.facebook.com/VillageSquareLeisureCentre/"">Facebook page</a> for specific movie titles near to dates.</p> <p><strong>All Ages</strong></p>",Dive In Movie,Recreation and leisure,Event,http://www.calgary.ca/CSPS/Recreation/Pages/Leisure-centres/Village-Square.aspx,Mar 22 2019 6 - 8 p.m.,March 22 2019 6 - 8 p.m.,2019/03/22,-113.954561000081,51.0760339999386,"(51.0760339999386, -113.954561000081)"
800 Macleod Trail SE,,No public presentations.,Civic Partners,Board meeting,City Business,https://www.trumba.com/calendars/map-feeds?eventid=129976461,May 7 2019 9:30 a.m. - 12:30 p.m.,May 7 2019 9:30 a.m. - 12:30 p.m.,2019/05/07,-114.056561000432,51.0456359997832,"(51.0456359997832, -114.056561000432)"
800 Macleod Trail SE,,,SPC on Utilities and Corporate Services,Board meeting,City Business,https://www.trumba.com/calendars/map-feeds?eventid=129953421,Mar 20 2019 9:30 a.m. - 12:30 p.m.<br>Apr 17 2019 9:30 a.m. - 12:30 p.m.<br>May 15 2019 9:30 a.m. - 12:30 p.m.<br>Jun 19 2019 9:30 a.m. - 12:30 p.m.<br>Jul 17 2019 9:30 a.m. - 12:30 p.m.,March 20 2019 9:30 a.m. - 12:30 p.m.,2019/03/20,-114.056561000432,51.0456359997832,"(51.0456359997832, -114.056561000432)"
800 Macleod Trail SE,City of Calgary,"<p>Join us for our 32nd Annual Exhibition of Children’s Art from North Mount Pleasant and Wildflower Arts Centres. Celebrate the sculpture, painting, drawing and mixed media artworks created by young artists, aged 3-17. Everyone welcome! Exhibit runs from May 2 - May 16, 2019. Details at <a href=""http://www.calgary.ca/CSPS/Recreation/Pages/Arts-centres/Home.aspx"">Calgary.ca/artscentres</a><br /><strong>All Ages</strong></p>",Children’s Art Exhibition,"Admission specials,Informational / educational,Recreation and leisure",Event,http://www.calgary.ca/artscentres/,May 3 2019 6 a.m. - 6 p.m.<br>May 6 2019 6 a.m. - 6 p.m.<br>May 7 2019 6 a.m. - 6 p.m.<br>May 8 2019 6 a.m. - 6 p.m.<br>May 9 2019 6 a.m. - 6 p.m.<br>May 10 2019 6 a.m. - 6 p.m.<br>May 13 2019 6 a.m. - 6 p.m.<br>May 14 2019 6 a.m. - 6 p.m.<br>May 15 2019 6 a.m. - 6 p.m.<br>May 16 2019 6 a.m. - 6 p.m.,May 3 2019 6 a.m. - 6 p.m.,2019/05/03,-114.056561000432,51.0456359997832,"(51.0456359997832, -114.056561000432)"
800 Macleod Trail SE,,,Combined Council Meeting,City Council,City Business,https://www.trumba.com/calendars/map-feeds?eventid=129953389,Mar 18 2019 9:30 a.m. - 12:30 p.m.<br>Apr 8 2019 9:30 a.m. - 12:30 p.m.<br>Apr 29 2019 9:30 a.m. - 12:30 p.m.<br>May 27 2019 9:30 a.m. - 12:30 p.m.<br>Jun 17 2019 9:30 a.m. - 12:30 p.m.<br>Jul 22 2019 9:30 a.m. - 12:30 p.m.<br>Jul 29 2019 9:30 a.m. - 12:30 p.m.,March 18 2019 9:30 a.m. - 12:30 p.m.,2019/03/18,-114.056561000432,51.0456359997832,"(51.0456359997832, -114.056561000432)"
222 8 Avenue SE,Calgary Folk Arts Council,"The Heritage Day Festival is the only free multicultural festival in Calgary that brings together such a diversity of performers from around the globe. Every year we find new groups to perform and help them become more involved in Calgary's multicultural community. Because we pay out honorariums for performances and do not charge admission fees, we provide a large amount of exposure to groups, as well as the funds to invest in their own organizations.",Heritage Day Festival,Festivals / major events,Event,http://folkartsyyc.org,Aug 5 2019 12 - 6 p.m.,August 5 2019 12 - 6 p.m.,2019/08/05,-114.059478999766,51.0457489997706,"(51.0457489997706, -114.059478999766)"
1221 2 Street SW,The Market Shop Local,An array of food trucks serving up local street foods with live music and a mini artisan market serving up the Calgary locals in Calgary's Belt line and area. A night of fun within the community.,Food Truck Nights,Community event,Event,http://www.marketshoplocal.com,Jun 28 2019 4 - 10:30 p.m.<br>Jul 19 2019 4 - 10:30 p.m.<br>Aug 16 2019 4 - 10:30 p.m.,June 28 2019 4 - 10:30 p.m.,2019/06/28,-114.070132000346,51.0411760000142,"(51.0411760000142, -114.070132000346)"
1001 Barlow Trail SE,Live Nation Canada Inc.,Western Canada's largest electronic music and arts festival,Chasing Summer Music Festival,Festivals / major events,Event,http://www.chasingsummerfestival.com,Aug 3 2019 1 - 11 p.m.<br>Aug 4 2019 1 - 11 p.m.,August 3 2019 1 - 11 p.m.,2019/08/03,-114.004248999555,51.0420740001249,"(51.0420740001249, -114.004248999555)"
800 Macleod Trail SE,,,SPC on Transportation and Transit,Board meeting,City Business,https://www.trumba.com/calendars/map-feeds?eventid=129953422,Mar 20 2019 1 - 4 p.m.<br>Apr 24 2019 9:30 a.m. - 12:30 p.m.<br>May 22 2019 9:30 a.m. - 12:30 p.m.<br>Jun 26 2019 9:30 a.m. - 12:30 p.m.<br>Jul 24 2019 9:30 a.m. - 12:30 p.m.,March 20 2019 1 - 4 p.m.,2019/03/20,-114.056561000432,51.0456359997832,"(51.0456359997832, -114.056561000432)"
800 Macleod Trail SE,,,Audit Committee,Board meeting,City Business,https://www.trumba.com/calendars/map-feeds?eventid=129953618,Mar 22 2019 9:30 a.m. - 12:30 p.m.<br>Apr 23 2019 9:30 a.m. - 12:30 p.m.<br>Jun 27 2019 9:30 a.m. - 12:30 p.m.<br>Jul 19 2019 9:30 a.m. - 12:30 p.m.,March 22 2019 9:30 a.m. - 12:30 p.m.,2019/03/22,-114.056561000432,51.0456359997832,"(51.0456359997832, -114.056561000432)"
1600 32 Avenue NE,City of Calgary,"Spend time with other ladies in a fun, relaxed atmosphere. Play a different course each week. Green fees include: 9 holes, giveaways, taste sampling with Toolshed Brewery and a Golf Pro who will offer free golf tips on selected evenings (only from 5:00pm – 7:00pm). <strong>Ages: 18 Years and up</strong>..  McCall 18 (9 holes only)  <em>Advanced Level</em><br /><p>Four day advanced tee times recommended. Visit <a href=""http://www.calgary.ca/CSPS/Recreation/Pages/Golf-courses/Home.aspx"">calgary.ca/golf</a> or call 403-221-3510</p>",Ladies Golf Nights,"Athletic / sport,Informational / educational,Recreation and leisure",Event,http://www.calgary.ca/CSPS/Recreation/Pages/Golf-courses/Home.aspx,Aug 7 2019 5:30 - 7:30 p.m.<br>Aug 14 2019 5:30 - 7:30 p.m.,August 7 2019 5:30 - 7:30 p.m.,2019/08/07,-114.01504500025,51.0830809998059,"(51.0830809998059, -114.01504500025)"
1220 9 Avenue SW,Caribbean Community Council of Calgary,The primary mandate of the CCC is to showcase Caribbean arts and culture within the Calgary context. To advocate and promote the unique Caribbean culture for the benefit of the Calgary arts Community. The Council was incorporated under the Alberta Societies Act in 1981 and has grown to be the largest Caribbean festival in Western Canada.,Carifest 2019,Festivals / major events,Event,http://carifest.ca/,Aug 16 2019 3 - 8 p.m.<br>Aug 17 2019 3 - 8 p.m.,August 16 2019 3 - 8 p.m.,2019/08/16,-114.090678999651,51.0461490001499,"(51.0461490001499, -114.090678999651)"
330 42 Avenue SW,Calgary Tour de Nuit Society,"This urban bike ride draws together the various elements of the cycling community: race, recreation commuter, bmx, road and mountain. This is a unique event the public can join to cycle on roads that are inaccessible because of traffic. Our goal is to promote cycling, road safety and the professional bicycle racing. The spoke rides start in mid-morning bringing participants from north and south to a park rendezvous. The main Hub Ride is a slower paced ride departing at approximately noon, which children are encouraged to cycle. The smallest children have a shorter children's ride along the Elbow River Pathway. The event highlights the benefits of cycling and an active lifestyle.",Ride the Road Tour,Athletic / sport,Event,http://www.morepeoplecycling.ca,Aug 25 2019 10 a.m. - 3 p.m.,August 25 2019 10 a.m. - 3 p.m.,2019/08/25,-114.070022999668,51.015646999899,"(51.015646999899, -114.070022999668)"
222 8 Avenue SE,ICNA Calgary,"The purpose of the event is to make familiar the Muslim Culture among fellow Canadian and to minimize the gap among communities of different cultures. There will be ethnic food, cultural and historic display, free henna tattoos for girls and women, free face painting for kids, free jumping castle, information booths, art and merchandise vendors.",Muslim Heritage Day,Community event,Event,https://www.facebook.com/MHDCalgary/,Aug 24 2019 11 a.m. - 6 p.m.,August 24 2019 11 a.m. - 6 p.m.,2019/08/24,-114.059478999766,51.0457489997706,"(51.0457489997706, -114.059478999766)"
223 Castleridge Boulevard NE,Alberta Des Punjab Times,"A celebration of Sikh Culture featuring live concert, honoring citizens etc. Please note, no alcohol will be served at this event.",Alberta Des Punjab Times,Festivals / major events,Event,https://www.trumba.com/calendars/map-feeds?eventid=131379054,Aug 3 2019 11 a.m. - 9 p.m.<br>Aug 4 2019 11 a.m. - 9 p.m.<br>Aug 5 2019 11 a.m. - 9 p.m.,August 3 2019 11 a.m. - 9 p.m.,2019/08/03,-113.97052899982,51.1042638998331,"(51.1042638998331, -113.97052899982)"
4500 14A Street SW,Concorde Group Entertainment,"Concorde Group hosts Annual PAWS in the PARK fundraising event for Alberta Animal Rescue Crew Society - AARCS! Rain or Shine an afternoon of FUN, FUR, FUNDRAISING! - Food Vendors, Pet Vendors, Pet Vendor Market, Photo Booth, Bounce House, and many more activities.",Paws in the Park 2019,Community event,Event,http://www.concordegroup.ca,Aug 18 2019 11 a.m. - 3 p.m.,August 18 2019 11 a.m. - 3 p.m.,2019/08/18,-114.094374000383,51.0172057002221,"(51.0172057002221, -114.094374000383)"
222 8 Avenue SE,Ploughshares Calgary Society,"This is an annual summer family event in memory of all those impacted by the atomic bombs of Hiroshima and Nagasaki, and in solidarity toward a peaceful world free from nuclear weapons. With the launching of floating lanterns on the pool, symbols of peace and hope, and singing, drumming, a children's drama, and speeches, Calgarians are inspired to help build a more united, peaceful and safe world, free from nuclear weapons. This initiative models and promotes the principles involved in human rights, as a critical basis for building a peaceful global community. The organizing committee, invited speakers and performers, all from diverse ethnic and faith communities, are evidence of this. This event helps people, children and youth alike, to become aware of and empowered by the core values of human rights: mutual respect and cooperation.",Floating Lantern Peace Ceremony 2019,Community event,Event,http://ploughsharescalgary.ca/,Aug 3 2019 8 - 9:30 p.m.,August 3 2019 8 - 9:30 p.m.,2019/08/03,-114.059478999766,51.0457489997706,"(51.0457489997706, -114.059478999766)"
1515 Home Road NW,Calgary Minor Football,This jamboree is held to raise money for Ronald McDonald House. There will be multiple football games happening throughout the day between teams from the Calgary PeeWee and Bantam Football Leagues. There will be tents set up to serve food and to hold a Silent Auction.,Calgary Minor Football Jamboree,Athletic / sport,Event,https://www.trumba.com/calendars/map-feeds?eventid=131393782,Aug 17 2019 9 a.m. - 4 p.m.,August 17 2019 9 a.m. - 4 p.m.,2019/08/17,-114.16825700004,51.0734629998216,"(51.0734629998216, -114.16825700004)"
2539 33 Avenue SW,City of Calgary,"<p>New to Golf? Feeling a little intimidated? Come out for our very popular Beginner Nights and golf in a fun, relaxed atmosphere with others of the same ability. Green fees include: 9 holes, giveaways, game and etiquette tips and a Golf Pro who will offer free golf tips on selected evenings (only from 5:00pm – 7:00pm). <strong>Ages: 18 Years and up</strong>.</p> <p>Four day advanced tee times recommended. Visit <a href=""http://www.calgary.ca/CSPS/Recreation/Pages/Golf-courses/Home.aspx"">calgary.ca/golf</a> or call 403-221-3510</p>",Beginner Golf Nights,"Athletic / sport,Informational / educational,Recreation and leisure",Event,http://www.calgary.ca/CSPS/Recreation/Pages/Golf-courses/Home.aspx,Jun 17 2019 5 - 8:30 p.m.<br>Jul 8 2019 5 - 8:30 p.m.<br>Jul 22 2019 5 - 8:30 p.m.<br>Aug 12 2019 5 - 8:30 p.m.<br>Aug 26 2019 5 - 8:30 p.m.,June 17 2019 5 - 8:30 p.m.,2019/06/17,-114.121573999938,51.0230909998152,"(51.0230909998152, -114.121573999938)"
2424 University Drive NW,Calgary United Soccer Association,"Nations Cup provides a unique opportunity for players to participate in a Calgary version of the World Cup by forming teams based on their ethnic backgrounds and countries of origin, creating an exciting atmosphere that provides a stage for people throughout the community to express pride in their heritage. It is an opportunity to recognize the cultural diversity that exists locally within the sport of soccer.",Calgary's Nations Cup 2019,Athletic / sport,Event,https://www.trumba.com/calendars/map-feeds?eventid=131335998,Aug 2 2019 6 - 9:30 p.m.<br>Aug 3 2019 6 - 9:30 p.m.<br>Aug 4 2019 6 - 9:30 p.m.,August 2 2019 6 - 9:30 p.m.,2019/08/02,-114.124130999597,51.0712089998171,"(51.0712089998171, -114.124130999597)"
755 Madeira Drive NE,Calgary jerk festival,Calgary jerk festival our vision is a three tier process. we classify our festival as a multicultural event under the jam rock music festival name. one of our goals is to bring local art and music to the main stage we think Calgary there is a lack of exposure. our small business need help in our community with this festival we help them to showcase their product. As a group we have realized that there seem to be a separation of families and cultures in our community. with our festival we are hoping to bring all cultures together.,Jamrock music festival,Festivals / major events,Event,http://jamrockmusicfestival.com,Aug 24 2019 10:30 a.m. - 11:30 p.m.,August 24 2019 10:30 a.m. - 11:30 p.m.,2019/08/24,-113.94785299958,51.0600239999946,"(51.0600239999946, -113.94785299958)"
1001 Barlow Trail SE,Calgary japanese community association,"Traditional cultural festival including performances, food, market, kids fair etc",Calgary Japanese festival - Omatsuri,Festivals / major events,Event,http://calgaryjapanesefestival.com,Aug 10 2019 10 a.m. - 5 p.m.,August 10 2019 10 a.m. - 5 p.m.,2019/08/10,-114.004248999555,51.0420740001249,"(51.0420740001249, -114.004248999555)"
1600 32 Avenue NE,City of Calgary,"<p>New to Golf? Feeling a little intimidated? Come out for our very popular Beginner Nights and golf in a fun, relaxed atmosphere with others of the same ability. Green fees include: 9 holes, giveaways, game and etiquette tips and a Golf Pro who will offer free golf tips on selected evenings (only from 5:00pm – 7:00pm). <strong>Ages: 18 Years and up</strong>.</p> <p>Four day advanced tee times recommended. Visit <a href=""http://www.calgary.ca/CSPS/Recreation/Pages/Golf-courses/Home.aspx"">calgary.ca/golf</a> or call 403-221-3510</p>",Beginner Golf Nights,"Athletic / sport,Informational / educational,Recreation and leisure",Event,http://www.calgary.ca/CSPS/Recreation/Pages/Golf-courses/Home.aspx,Jun 24 2019 5 - 8:30 p.m.<br>Jul 15 2019 5 - 8:30 p.m.<br>Jul 29 2019 5 - 8:30 p.m.<br>Aug 19 2019 5 - 8:30 p.m.,June 24 2019 5 - 8:30 p.m.,2019/06/24,-114.01504500025,51.0830809998059,"(51.0830809998059, -114.01504500025)"
1827 68 Street SE,The Calgary Fireworks Festival Society,"Alberta's Most Explosive Festival, and more! Showcasing Calgary's cultural diversity and artistic excellence all year round.",GlobalFest,Festivals / major events,Event,http://www.globalfest.ca,Aug 15 2019 6 - 11:30 p.m.<br>Aug 17 2019 6 - 11:30 p.m.<br>Aug 20 2019 5 - 10:30 p.m.<br>Aug 22 2019 6 - 11:30 p.m.<br>Aug 24 2019 6 - 11:30 p.m.,August 15 2019 6 - 11:30 p.m.,2019/08/15,-113.940859999572,51.0371399998885,"(51.0371399998885, -113.940859999572)"
800 Macleod Trail SE,,,Event Centere Assessment Committee,Board meeting,City Business,https://www.trumba.com/calendars/map-feeds?eventid=130001776,Jun 6 2019 9:30 a.m. - 12:30 p.m.,June 6 2019 9:30 a.m. - 12:30 p.m.,2019/06/06,-114.056561000432,51.0456359997832,"(51.0456359997832, -114.056561000432)"
800 Macleod Trail SE,,,Special Council Meeting - Wholly Owned Subsidiaries,City Council,City Business,https://www.trumba.com/calendars/map-feeds?eventid=129976395,May 6 2019 9:30 a.m. - 12:30 p.m.<br>Jun 24 2019 9:30 a.m. - 12:30 p.m.,May 6 2019 9:30 a.m. - 12:30 p.m.,2019/05/06,-114.056561000432,51.0456359997832,"(51.0456359997832, -114.056561000432)"
750 9 Avenue SE,Rogers Insurance Ltd.,"Charity Run for the L'Arche Community. 1km fun run, 5 miler, Half Marathon.",Rogers Insurance Run for L'Arche,Athletic / sport,Event,http://rogersinsurance.ca,Mar 30 2019 10 a.m. - 2:30 p.m.,March 30 2019 10 a.m. - 2:30 p.m.,2019/03/30,-114.04392199993,51.044586999793,"(51.044586999793, -114.04392199993)"
800 Macleod Trail SE,,,Priorities and Finance Committee,Board meeting,City Business,https://www.trumba.com/calendars/map-feeds?eventid=129964058,Apr 2 2019 9:30 a.m. - 12:30 p.m.<br>May 14 2019 9:30 a.m. - 12:30 p.m.<br>Jun 4 2019 9:30 a.m. - 12:30 p.m.<br>Jul 2 2019 9:30 a.m. - 12:30 p.m.,April 2 2019 9:30 a.m. - 12:30 p.m.,2019/04/02,-114.056561000432,51.0456359997832,"(51.0456359997832, -114.056561000432)"
4825 Mount Royal Gate SW,Police Half Marathon Committee,"To promote a healthy way of life, through the exercise of running and walking.","Police Half Marathon,10k,5k walk","Athletic / sport,Recreation and leisure",Event,https://www.trumba.com/calendars/map-feeds?eventid=130950002,Apr 28 2019 8 - 11 a.m.,April 28 2019 8 - 11 a.m.,2019/04/28,-114.130947000053,51.0131680000192,"(51.0131680000192, -114.130947000053)"
330 42 Avenue SW,Be There Races,"A 5, 10 or 15 km run on pathways.",Spring Trio 5/10/15 km,"Athletic / sport,Recreation and leisure",Event,http://www.bethereraces.com,Apr 19 2019 9:30 a.m. - 1 p.m.,April 19 2019 9:30 a.m. - 1 p.m.,2019/04/19,-114.070022999668,51.015646999899,"(51.015646999899, -114.070022999668)"
7305 Crowchild Trail SW,MEC Mountain Equipment Co-op,Sixth annual family-friendly 1km/5km/10km/21.1km/30km road raunning race on Calgary pathways.,MEC Calgary Road Race TWO 2019,"Athletic / sport,Recreation and leisure",Event,https://www.trumba.com/calendars/map-feeds?eventid=130949829,Apr 27 2019 8 a.m. - 1 p.m.,April 27 2019 8 a.m. - 1 p.m.,2019/04/27,-114.122718999786,50.9885010001202,"(50.9885010001202, -114.122718999786)"
222 8 Avenue SE,Calgary Downtown Association,Costumed Parade from near Mewata Stadium to Olympic Plaza allowing Calgarians to dress in their favorite cosplay or spectate as we open the Calgary Comic and Entertainment Expo.,Parade of Wonders,,Event,http://www.downtowncalgary.com,Apr 26 2019 10:30 a.m. - 1:30 p.m.,April 26 2019 10:30 a.m. - 1:30 p.m.,2019/04/26,-114.059478999766,51.0457489997706,"(51.0457489997706, -114.059478999766)"
219 18 Avenue SW,Roman Catholic Diocese of Calgary,"This annual event invites people of all ages to join us for a walk in the inner city and stop at 14 stations to reflect on the suffering, passion and death of our Lord, Jesus Christ through scripture readings, songs and meditative silence.",36th Annual Outdoor Way of the Cross,,Event,http://www.wayofthecross.ca,Apr 19 2019 9 a.m. - 12:30 p.m.,April 19 2019 9 a.m. - 12:30 p.m.,2019/04/19,-114.066101000053,51.0367169999972,"(51.0367169999972, -114.066101000053)"
9035 24 Street SW,Calgary Humane Society,A fundraising run/walk for you and your four legged friend.,Dog Jog,Athletic / sport,Event,http://www.calgaryhumane.ca,Jun 1 2019 6 a.m. - 5:30 p.m.,June 1 2019 6 a.m. - 5:30 p.m.,2019/06/01,-114.122512000097,50.974393000176,"(50.974393000176, -114.122512000097)"
5050 Spruce Drive SW,Cystic Fibrosis Canada,Family friendly walk- a- thon with children's activities and a BBQ.,The Walk to Make Cystic Fibrosis History,"Athletic / sport,Recreation and leisure",Event,http://www.cysticfibrosis.ca/walk,May 26 2019 10 a.m. - 2 p.m.,May 26 2019 10 a.m. - 2 p.m.,2019/05/26,-114.157704999742,51.0638760000266,"(51.0638760000266, -114.157704999742)"
8 Avenue between 1 Street SE a,Otafest Film  Cultural Festival Planning Committee,"Otafest is Calgary's Anime Festival! We are a not for profit organization with a mission to celebrate and promote Asian popular arts including anime animation, manga comic books, cosplay costumes! Otafest 2019 will be our 21st festival. We are hoping to use the 100E block of Stephen Avenue to do a night festival as part of Otafest 2019!",Otafest 2019,Festivals / major events,Event,http://www.otafest.com,May 18 2019 5 - 8 p.m.,May 18 2019 5 - 8 p.m.,2019/05/18,-114.063874999932,51.0455520000538,"(51.0455520000538, -114.063874999932)"
1020 2 Avenue NW,YYC FoodTrucks,"Food trucks, music, beer, entertainment.",YYCFT Frenzy,Community event,Event,https://www.trumba.com/calendars/map-feeds?eventid=130959346,May 25 2019 11 a.m. - 7 p.m.,May 25 2019 11 a.m. - 7 p.m.,2019/05/25,-114.083951999782,51.0547809999585,"(51.0547809999585, -114.083951999782)"
11 Sackville Drive SW,Southwood Community Association,"Rhubarb Fest is a community festival that takes place in southwest Calgary the community of Southwood and reaches out to all surrounding community and residents. The event includes: kid bouncers, petting zoo, face paint market place, vendors, City departments, organizations, live music, entertainment for children, beer gardens, BBQ, skate park, and more. The event is free to attend. There are some items that cost money: vendor products, BBQ food, rhubarb pie and beer. The goal of this event is to b street festival feel to communities further south in Calgary. Similar in some degree to things like Lilac Festival or Sunfest but currently on a smaller We bring this form of entertainment to communities outside of the Core don't have Business Revitalization Zones. A family friendly event that is accessible to those that may be challenged financially to attend other for entertainment.",Rhubarb Fest,Festivals / major events,Event,https://www.trumba.com/calendars/map-feeds?eventid=130962911,Jun 1 2019 11 a.m. - 5 p.m.,June 1 2019 11 a.m. - 5 p.m.,2019/06/01,-114.086593099718,50.9567837198652,"(50.9567837198652, -114.086593099718)"
750 9 Avenue SE,Kids Help Phone,"5KM Family Fun Walk in support of the mental health and emotional well-being of young people in Canada. The event also includes a family fun area, entertainment, free participant lunch, giveaways and more prior to the walk taking place.",2019 Walk So Kids Can Talk,"Athletic / sport,Recreation and leisure",Event,https://walksokidscantalk.ca,May 5 2019 7 a.m. - 12:30 p.m.,May 5 2019 7 a.m. - 12:30 p.m.,2019/05/05,-114.04392199993,51.044586999793,"(51.044586999793, -114.04392199993)"
6455 Macleod Trail SW,Canadian Tire Jumpstart Charities,,"Sport Chek Mother Day Run, Walk  Ride",Athletic / sport,Event,https://www.mdrunwalkride.com/,May 12 2019 8:30 a.m. - 1 p.m.,May 12 2019 8:30 a.m. - 1 p.m.,2019/05/12,-114.073433999819,50.9980369999248,"(50.9980369999248, -114.073433999819)"
9035 24 Street SW,Spina Bifida  Hydrocephalus Association of Souther,"The Hope Classic Run, Walk, Wheel is a family-friendly, non-competitive, Canada-wide event. Participants of all abilities walk, wheel, or run through a 1 km, 5 km or 10 km paved course.",Hope Classic,Athletic / sport,Event,https://www.sbhasa.ca/what-is-hope-classic,Jun 1 2019 10 a.m. - 1:30 p.m.,June 1 2019 10 a.m. - 1:30 p.m.,2019/06/01,-114.122512000097,50.974393000176,"(50.974393000176, -114.122512000097)"
5050 Spruce Drive SW,Crohn's and Colitis Canada,"The Gutsy Walk takes place on Sunday, June 2, 2019 at over 60 locations across Canada. Every walk is fun-filled, family-friendly, and non-competitive. Route lengths vary, but are typically five kilometers. Participants can walk any distance they're comfortable with.  This is Canada's largest community fundraiser for Crohn's and colitis. Since 1996, the Gutsy Walk has raised over $38 million for research and patient programs, all thanks to participants, donors, and sponsors who are driven to make a difference.  The Calgary walk will take place at the North Edworthy Park. Lunch will be provided for all registrants. All dogs on leash are allowed to participate. Lots of activities for kids this year including face painting, bean toss and other games.",Gutsy Walk,"Athletic / sport,Recreation and leisure",Event,http://gutsywalk.ca/Home.aspx,Jun 2 2019 8 a.m. - 1 p.m.,June 2 2019 8 a.m. - 1 p.m.,2019/06/02,-114.157704999742,51.0638760000266,"(51.0638760000266, -114.157704999742)"
800 Macleod Trail SE,,,SPC on Planning and Urban Development,Board meeting,City Business,https://www.trumba.com/calendars/map-feeds?eventid=129964074,Apr 3 2019 9:30 a.m. - 12:30 p.m.<br>May 1 2019 9:30 a.m. - 12:30 p.m.<br>Jun 5 2019 9:30 a.m. - 12:30 p.m.<br>Jul 3 2019 9:30 a.m. - 12:30 p.m.,April 3 2019 9:30 a.m. - 12:30 p.m.,2019/04/03,-114.056561000432,51.0456359997832,"(51.0456359997832, -114.056561000432)"
800 Macleod Trail SE,,,Calgary Planning Commission,Board meeting,City Business,https://www.trumba.com/calendars/map-feeds?eventid=129964091,Apr 4 2019 1 - 4 p.m.<br>May 2 2019 1 - 4 p.m.<br>May 16 2019 1 - 4 p.m.<br>Jun 6 2019 1 - 4 p.m.<br>Jun 20 2019 1 - 4 p.m.<br>Jul 4 2019 1 - 4 p.m.<br>Jul 18 2019 1 - 4 p.m.<br>Aug 1 2019 1 - 4 p.m.<br>Aug 15 2019 1 - 4 p.m.,April 4 2019 1 - 4 p.m.,2019/04/04,-114.056561000432,51.0456359997832,"(51.0456359997832, -114.056561000432)"
800 Macleod Trail SE,,,Event Centre Assessment Committee,Board meeting,City Business,https://www.trumba.com/calendars/map-feeds?eventid=129964084,Apr 4 2019 9:30 a.m. - 12:30 p.m.<br>May 2 2019 9:30 a.m. - 12:30 p.m.<br>Jul 4 2019 9:30 a.m. - 12:30 p.m.,April 4 2019 9:30 a.m. - 12:30 p.m.,2019/04/04,-114.056561000432,51.0456359997832,"(51.0456359997832, -114.056561000432)"
2623 56 Street NE,City of Calgary,"<p>This is a great opportunity for children 6-12 years old to be introduced to a new sport – and it’s free!</p> <p>Registration begins in May for this exciting one day event. For more information and to register, see <a href=""www.allsportoneday.ca"">www.allsportoneday.ca</a>.</p> <p><strong>All Sport One Day </strong>is taking place at the following locations:</p> <ul> 	<li>Calgary Soccer Centre</li> 	<li>Glenmore Athletic Park</li> 	<li>Max Bell Centre</li> 	<li>Renfrew Complex</li> 	<li>Southland Leisure Centre</li> 	<li>Village Square Leisure Centre</li> </ul>",All Sport One Day,"Admission specials,Athletic / sport,Informational / educational,Recreation and leisure",Event,http://www.allsportoneday.ca,Jun 15 2019 10:15 a.m. - 2:15 p.m.,June 15 2019 10:15 a.m. - 2:15 p.m.,2019/06/15,-113.954561000081,51.0760339999386,"(51.0760339999386, -113.954561000081)"
810 13 Avenue NE,City of Calgary,"<p>This is a great opportunity for children 6-12 years old to be introduced to a new sport – and it’s free!</p> <p>Registration begins in May for this exciting one day event. For more information and to register, see <a href=""www.allsportoneday.ca"">www.allsportoneday.ca</a>.</p> <p><strong>All Sport One Day </strong>is taking place at the following locations:</p> <ul> 	<li>Calgary Soccer Centre</li> 	<li>Glenmore Athletic Park</li> 	<li>Max Bell Centre</li> 	<li>Renfrew Complex</li> 	<li>Southland Leisure Centre</li> 	<li>Village Square Leisure Centre</li> </ul>",All Sport One Day,"Admission specials,Athletic / sport,Informational / educational,Recreation and leisure",Event,http://www.allsportoneday.ca,Jun 15 2019 10:15 a.m. - 2:15 p.m.,June 15 2019 10:15 a.m. - 2:15 p.m.,2019/06/15,-114.045486000077,51.0646490001194,"(51.0646490001194, -114.045486000077)"
7000 48 Street SE,City of Calgary,"<p>This is a great opportunity for children 6-12 years old to be introduced to a new sport – and it’s free!</p> <p>Registration begins in May for this exciting one day event. For more information and to register, see <a href=""www.allsportoneday.ca"">www.allsportoneday.ca</a>.</p> <p><strong>All Sport One Day </strong>is taking place at the following locations:</p> <ul> 	<li>Calgary Soccer Centre</li> 	<li>Glenmore Athletic Park</li> 	<li>Max Bell Centre</li> 	<li>Renfrew Complex</li> 	<li>Southland Leisure Centre</li> 	<li>Village Square Leisure Centre</li> </ul>",All Sport One Day,"Admission specials,Athletic / sport,Informational / educational,Recreation and leisure",Event,http://www.allsportoneday.ca,Jun 15 2019 10:15 a.m. - 2:15 p.m.,June 15 2019 10:15 a.m. - 2:15 p.m.,2019/06/15,-113.961171999599,50.9924110001301,"(50.9924110001301, -113.961171999599)"
1001 Barlow Trail SE,City of Calgary,"<p>This is a great opportunity for children 6-12 years old to be introduced to a new sport – and it’s free!</p> <p>Registration begins in May for this exciting one day event. For more information and to register, see <a href=""www.allsportoneday.ca"">www.allsportoneday.ca</a>.</p> <p><strong>All Sport One Day </strong>is taking place at the following locations:</p> <ul> 	<li>Calgary Soccer Centre</li> 	<li>Glenmore Athletic Park</li> 	<li>Max Bell Centre</li> 	<li>Renfrew Complex</li> 	<li>Southland Leisure Centre</li> 	<li>Village Square Leisure Centre</li> </ul>",All Sport One Day,"Admission specials,Athletic / sport,Informational / educational,Recreation and leisure",Event,http://www.allsportoneday.ca,Jun 15 2019 10:15 a.m. - 2:15 p.m.,June 15 2019 10:15 a.m. - 2:15 p.m.,2019/06/15,-114.004248999555,51.0420740001249,"(51.0420740001249, -114.004248999555)"
2000 Southland Drive SW,City of Calgary,Celebrate the Easter season at Southland Leisure Centre. Make Easter crafts for your family and friends and enjoy some light refreshments! <strong>All Ages</strong>.  9:30 am - 11:30 am 6:30 pm - 08:30 pm,Easter Cookies and Crafts,"Admission specials,Festivals / major events,Recreation and leisure",Event,http://www.calgary.ca/CSPS/Recreation/Pages/Leisure-centres/Southland.aspx,Apr 16 2019 9:30 - 11:30 a.m.<br>Apr 16 2019 6:30 - 8:30 p.m.,April 16 2019 9:30 - 11:30 a.m.,2019/04/16,-114.108651999579,50.962339999962,"(50.962339999962, -114.108651999579)"
5300 19 Street SW,City of Calgary,"<p>This is a great opportunity for children 6-12 years old to be introduced to a new sport – and it’s free!</p> <p>Registration begins in May for this exciting one day event. For more information and to register, see <a href=""www.allsportoneday.ca"">www.allsportoneday.ca</a>.</p> <p><strong>All Sport One Day </strong>is taking place at the following locations:</p> <ul> 	<li>Calgary Soccer Centre</li> 	<li>Glenmore Athletic Park</li> 	<li>Max Bell Centre</li> 	<li>Renfrew Complex</li> 	<li>Southland Leisure Centre</li> 	<li>Village Square Leisure Centre</li> </ul>",All Sport One Day,"Admission specials,Athletic / sport,Informational / educational,Recreation and leisure",Event,http://www.allsportoneday.ca,Jun 15 2019 10:15 a.m. - 2:15 p.m.,June 15 2019 10:15 a.m. - 2:15 p.m.,2019/06/15,-114.10445399978,51.0072079997881,"(51.0072079997881, -114.10445399978)"
9035 24 Street SW,City of Calgary,"Ready to explore Glenmore Reservoir through a fun and interactive event geared toward all ages? Exercise your brain and body through a scavenger hunt that will provide excitement, education and physical activity while experiencing the beauty of the reservoir. <strong>All Ages.</strong>",Experience the Reservoir,"Admission specials,Informational / educational,Recreation and leisure",Event,https://www.trumba.com/calendars/map-feeds?eventid=131035884,Apr 27 2019 1 - 3 p.m.,April 27 2019 1 - 3 p.m.,2019/04/27,-114.122512000097,50.974393000176,"(50.974393000176, -114.122512000097)"
2000 Southland Drive SW,City of Calgary,"<p>This is a great opportunity for children 6-12 years old to be introduced to a new sport – and it’s free!</p> <p>Registration begins in May for this exciting one day event. For more information and to register, see <a href=""www.allsportoneday.ca"">www.allsportoneday.ca</a>.</p> <p><strong>All Sport One Day </strong>is taking place at the following locations:</p> <ul> 	<li>Calgary Soccer Centre</li> 	<li>Glenmore Athletic Park</li> 	<li>Max Bell Centre</li> 	<li>Renfrew Complex</li> 	<li>Southland Leisure Centre</li> 	<li>Village Square Leisure Centre</li> </ul>",All Sport One Day,"Admission specials,Athletic / sport,Informational / educational,Recreation and leisure",Event,http://www.allsportoneday.ca,Jun 15 2019 10:15 a.m. - 2:15 p.m.,June 15 2019 10:15 a.m. - 2:15 p.m.,2019/06/15,-114.108651999579,50.962339999962,"(50.962339999962, -114.108651999579)"
